<?xml version="1.0" encoding="utf-8"?>
<GraphicalInterface>
  <P Name="NumRootInports">0</P>
  <P Name="NumRootOutports">0</P>
  <P Name="ParameterArgumentNames"/>
  <P Name="NumModelReferences">0</P>
  <P Name="NumTestPointedSignals">0</P>
  <P Name="NumProvidedFunctions">0</P>
  <P Name="NumRequiredFunctions">0</P>
  <P Name="NumResetEvents">0</P>
  <P Name="HasInitializeEvent">0</P>
  <P Name="HasTerminateEvent">0</P>
  <P Name="PreCompExecutionDomainType">Unset</P>
  <P Name="UseModelRefSolver">0</P>
  <P Name="SolverName">VariableStepAuto</P>
  <P Name="IsExportFunctionModel">0</P>
  <P Name="SimulinkSubDomainType">Simulink</P>
  <P Name="NumParameterArguments">0</P>
  <P Name="NumExternalFileReferences">51</P>
  <ExternalFileReference>
    <P Name="Reference">robotcorelib/Coordinate Transformation Conversion</P>
    <P Name="Path">$bdroot/Coordinate Transformation Conversion</P>
    <P Name="SID">90</P>
    <P Name="Type">LIBRARY_BLOCK</P>
  </ExternalFileReference>
  <ExternalFileReference>
    <P Name="Reference">robotmaniplib/Get Jacobian</P>
    <P Name="Path">$bdroot/Get Jacobian</P>
    <P Name="SID">118</P>
    <P Name="Type">LIBRARY_BLOCK</P>
  </ExternalFileReference>
  <ExternalFileReference>
    <P Name="Reference">robotmaniplib/Get Transform</P>
    <P Name="Path">$bdroot/Get Transform</P>
    <P Name="SID">78</P>
    <P Name="Type">LIBRARY_BLOCK</P>
  </ExternalFileReference>
  <ExternalFileReference>
    <P Name="Reference">robotmaniplib/Inverse Kinematics</P>
    <P Name="Path">$bdroot/Inverse Kinematics</P>
    <P Name="SID">92</P>
    <P Name="Type">LIBRARY_BLOCK</P>
  </ExternalFileReference>
  <ExternalFileReference>
    <P Name="Reference">robotcorelib/Polynomial Trajectory</P>
    <P Name="Path">$bdroot/Polynomial Trajectory</P>
    <P Name="SID">91</P>
    <P Name="Type">LIBRARY_BLOCK</P>
  </ExternalFileReference>
  <ExternalFileReference>
    <P Name="Reference">sm_lib/Frames and
Transforms/Reference
Frame</P>
    <P Name="Path">$bdroot/Subsystem/Base_1_RIGID/ReferenceFrame</P>
    <P Name="SID">15</P>
    <P Name="Type">LIBRARY_BLOCK</P>
  </ExternalFileReference>
  <ExternalFileReference>
    <P Name="Reference">sm_lib/Body Elements/File Solid</P>
    <P Name="Path">$bdroot/Subsystem/Base_1_RIGID/Solid</P>
    <P Name="SID">16</P>
    <P Name="Type">LIBRARY_BLOCK</P>
  </ExternalFileReference>
  <ExternalFileReference>
    <P Name="Reference">sm_lib/Frames and
Transforms/Rigid
Transform</P>
    <P Name="Path">$bdroot/Subsystem/Base_1_RIGID/Transform</P>
    <P Name="SID">17</P>
    <P Name="Type">LIBRARY_BLOCK</P>
  </ExternalFileReference>
  <ExternalFileReference>
    <P Name="Reference">sm_lib/Frames and
Transforms/Reference
Frame</P>
    <P Name="Path">$bdroot/Subsystem/Link_1_1_RIGID/ReferenceFrame</P>
    <P Name="SID">20</P>
    <P Name="Type">LIBRARY_BLOCK</P>
  </ExternalFileReference>
  <ExternalFileReference>
    <P Name="Reference">sm_lib/Body Elements/File Solid</P>
    <P Name="Path">$bdroot/Subsystem/Link_1_1_RIGID/Solid</P>
    <P Name="SID">21</P>
    <P Name="Type">LIBRARY_BLOCK</P>
  </ExternalFileReference>
  <ExternalFileReference>
    <P Name="Reference">sm_lib/Frames and
Transforms/Rigid
Transform</P>
    <P Name="Path">$bdroot/Subsystem/Link_1_1_RIGID/Transform</P>
    <P Name="SID">22</P>
    <P Name="Type">LIBRARY_BLOCK</P>
  </ExternalFileReference>
  <ExternalFileReference>
    <P Name="Reference">sm_lib/Frames and
Transforms/Rigid
Transform</P>
    <P Name="Path">$bdroot/Subsystem/Link_1_1_RIGID/Transform1</P>
    <P Name="SID">23</P>
    <P Name="Type">LIBRARY_BLOCK</P>
  </ExternalFileReference>
  <ExternalFileReference>
    <P Name="Reference">sm_lib/Frames and
Transforms/Reference
Frame</P>
    <P Name="Path">$bdroot/Subsystem/Link_2_1_RIGID/ReferenceFrame</P>
    <P Name="SID">26</P>
    <P Name="Type">LIBRARY_BLOCK</P>
  </ExternalFileReference>
  <ExternalFileReference>
    <P Name="Reference">sm_lib/Body Elements/File Solid</P>
    <P Name="Path">$bdroot/Subsystem/Link_2_1_RIGID/Solid</P>
    <P Name="SID">27</P>
    <P Name="Type">LIBRARY_BLOCK</P>
  </ExternalFileReference>
  <ExternalFileReference>
    <P Name="Reference">sm_lib/Frames and
Transforms/Rigid
Transform</P>
    <P Name="Path">$bdroot/Subsystem/Link_2_1_RIGID/Transform</P>
    <P Name="SID">28</P>
    <P Name="Type">LIBRARY_BLOCK</P>
  </ExternalFileReference>
  <ExternalFileReference>
    <P Name="Reference">sm_lib/Frames and
Transforms/Rigid
Transform</P>
    <P Name="Path">$bdroot/Subsystem/Link_2_1_RIGID/Transform1</P>
    <P Name="SID">29</P>
    <P Name="Type">LIBRARY_BLOCK</P>
  </ExternalFileReference>
  <ExternalFileReference>
    <P Name="Reference">sm_lib/Frames and
Transforms/Reference
Frame</P>
    <P Name="Path">$bdroot/Subsystem/Link_3_1_RIGID/ReferenceFrame</P>
    <P Name="SID">32</P>
    <P Name="Type">LIBRARY_BLOCK</P>
  </ExternalFileReference>
  <ExternalFileReference>
    <P Name="Reference">sm_lib/Body Elements/File Solid</P>
    <P Name="Path">$bdroot/Subsystem/Link_3_1_RIGID/Solid</P>
    <P Name="SID">33</P>
    <P Name="Type">LIBRARY_BLOCK</P>
  </ExternalFileReference>
  <ExternalFileReference>
    <P Name="Reference">sm_lib/Frames and
Transforms/Rigid
Transform</P>
    <P Name="Path">$bdroot/Subsystem/Link_3_1_RIGID/Transform</P>
    <P Name="SID">34</P>
    <P Name="Type">LIBRARY_BLOCK</P>
  </ExternalFileReference>
  <ExternalFileReference>
    <P Name="Reference">sm_lib/Frames and
Transforms/Rigid
Transform</P>
    <P Name="Path">$bdroot/Subsystem/Link_3_1_RIGID/Transform1</P>
    <P Name="SID">35</P>
    <P Name="Type">LIBRARY_BLOCK</P>
  </ExternalFileReference>
  <ExternalFileReference>
    <P Name="Reference">sm_lib/Frames and
Transforms/Reference
Frame</P>
    <P Name="Path">$bdroot/Subsystem/Link_4_1_RIGID/ReferenceFrame</P>
    <P Name="SID">38</P>
    <P Name="Type">LIBRARY_BLOCK</P>
  </ExternalFileReference>
  <ExternalFileReference>
    <P Name="Reference">sm_lib/Body Elements/File Solid</P>
    <P Name="Path">$bdroot/Subsystem/Link_4_1_RIGID/Solid</P>
    <P Name="SID">39</P>
    <P Name="Type">LIBRARY_BLOCK</P>
  </ExternalFileReference>
  <ExternalFileReference>
    <P Name="Reference">sm_lib/Frames and
Transforms/Rigid
Transform</P>
    <P Name="Path">$bdroot/Subsystem/Link_4_1_RIGID/Transform</P>
    <P Name="SID">40</P>
    <P Name="Type">LIBRARY_BLOCK</P>
  </ExternalFileReference>
  <ExternalFileReference>
    <P Name="Reference">sm_lib/Frames and
Transforms/Rigid
Transform</P>
    <P Name="Path">$bdroot/Subsystem/Link_4_1_RIGID/Transform1</P>
    <P Name="SID">41</P>
    <P Name="Type">LIBRARY_BLOCK</P>
  </ExternalFileReference>
  <ExternalFileReference>
    <P Name="Reference">sm_lib/Utilities/Mechanism
Configuration</P>
    <P Name="Path">$bdroot/Subsystem/MechanismConfiguration</P>
    <P Name="SID">6</P>
    <P Name="Type">LIBRARY_BLOCK</P>
  </ExternalFileReference>
  <ExternalFileReference>
    <P Name="Reference">nesl_utility/PS-Simulink
Converter</P>
    <P Name="Path">$bdroot/Subsystem/PS-Simulink Converter</P>
    <P Name="SID">53</P>
    <P Name="Type">LIBRARY_BLOCK</P>
  </ExternalFileReference>
  <ExternalFileReference>
    <P Name="Reference">nesl_utility/PS-Simulink
Converter</P>
    <P Name="Path">$bdroot/Subsystem/PS-Simulink Converter1</P>
    <P Name="SID">54</P>
    <P Name="Type">LIBRARY_BLOCK</P>
  </ExternalFileReference>
  <ExternalFileReference>
    <P Name="Reference">nesl_utility/PS-Simulink
Converter</P>
    <P Name="Path">$bdroot/Subsystem/PS-Simulink Converter2</P>
    <P Name="SID">56</P>
    <P Name="Type">LIBRARY_BLOCK</P>
  </ExternalFileReference>
  <ExternalFileReference>
    <P Name="Reference">nesl_utility/PS-Simulink
Converter</P>
    <P Name="Path">$bdroot/Subsystem/PS-Simulink Converter3</P>
    <P Name="SID">60</P>
    <P Name="Type">LIBRARY_BLOCK</P>
  </ExternalFileReference>
  <ExternalFileReference>
    <P Name="Reference">nesl_utility/PS-Simulink
Converter</P>
    <P Name="Path">$bdroot/Subsystem/PS-Simulink Converter4</P>
    <P Name="SID">62</P>
    <P Name="Type">LIBRARY_BLOCK</P>
  </ExternalFileReference>
  <ExternalFileReference>
    <P Name="Reference">nesl_utility/PS-Simulink
Converter</P>
    <P Name="Path">$bdroot/Subsystem/PS-Simulink Converter5</P>
    <P Name="SID">123</P>
    <P Name="Type">LIBRARY_BLOCK</P>
  </ExternalFileReference>
  <ExternalFileReference>
    <P Name="Reference">nesl_utility/PS-Simulink
Converter</P>
    <P Name="Path">$bdroot/Subsystem/PS-Simulink Converter6</P>
    <P Name="SID">124</P>
    <P Name="Type">LIBRARY_BLOCK</P>
  </ExternalFileReference>
  <ExternalFileReference>
    <P Name="Reference">nesl_utility/PS-Simulink
Converter</P>
    <P Name="Path">$bdroot/Subsystem/PS-Simulink Converter7</P>
    <P Name="SID">126</P>
    <P Name="Type">LIBRARY_BLOCK</P>
  </ExternalFileReference>
  <ExternalFileReference>
    <P Name="Reference">nesl_utility/PS-Simulink
Converter</P>
    <P Name="Path">$bdroot/Subsystem/PS-Simulink Converter8</P>
    <P Name="SID">128</P>
    <P Name="Type">LIBRARY_BLOCK</P>
  </ExternalFileReference>
  <ExternalFileReference>
    <P Name="Reference">nesl_utility/PS-Simulink
Converter</P>
    <P Name="Path">$bdroot/Subsystem/PS-Simulink Converter9</P>
    <P Name="SID">130</P>
    <P Name="Type">LIBRARY_BLOCK</P>
  </ExternalFileReference>
  <ExternalFileReference>
    <P Name="Reference">sm_lib/Joints/Revolute Joint</P>
    <P Name="Path">$bdroot/Subsystem/Revolute</P>
    <P Name="SID">7</P>
    <P Name="Type">LIBRARY_BLOCK</P>
  </ExternalFileReference>
  <ExternalFileReference>
    <P Name="Reference">sm_lib/Joints/Revolute Joint</P>
    <P Name="Path">$bdroot/Subsystem/Revolute1</P>
    <P Name="SID">8</P>
    <P Name="Type">LIBRARY_BLOCK</P>
  </ExternalFileReference>
  <ExternalFileReference>
    <P Name="Reference">sm_lib/Joints/Revolute Joint</P>
    <P Name="Path">$bdroot/Subsystem/Revolute2</P>
    <P Name="SID">9</P>
    <P Name="Type">LIBRARY_BLOCK</P>
  </ExternalFileReference>
  <ExternalFileReference>
    <P Name="Reference">sm_lib/Joints/Revolute Joint</P>
    <P Name="Path">$bdroot/Subsystem/Revolute3</P>
    <P Name="SID">10</P>
    <P Name="Type">LIBRARY_BLOCK</P>
  </ExternalFileReference>
  <ExternalFileReference>
    <P Name="Reference">sm_lib/Joints/Revolute Joint</P>
    <P Name="Path">$bdroot/Subsystem/Revolute4</P>
    <P Name="SID">11</P>
    <P Name="Type">LIBRARY_BLOCK</P>
  </ExternalFileReference>
  <ExternalFileReference>
    <P Name="Reference">nesl_utility/Simulink-PS
Converter</P>
    <P Name="Path">$bdroot/Subsystem/Simulink-PS Converter1</P>
    <P Name="SID">58</P>
    <P Name="Type">LIBRARY_BLOCK</P>
  </ExternalFileReference>
  <ExternalFileReference>
    <P Name="Reference">nesl_utility/Simulink-PS
Converter</P>
    <P Name="Path">$bdroot/Subsystem/Simulink-PS Converter2</P>
    <P Name="SID">57</P>
    <P Name="Type">LIBRARY_BLOCK</P>
  </ExternalFileReference>
  <ExternalFileReference>
    <P Name="Reference">nesl_utility/Simulink-PS
Converter</P>
    <P Name="Path">$bdroot/Subsystem/Simulink-PS Converter3</P>
    <P Name="SID">59</P>
    <P Name="Type">LIBRARY_BLOCK</P>
  </ExternalFileReference>
  <ExternalFileReference>
    <P Name="Reference">nesl_utility/Simulink-PS
Converter</P>
    <P Name="Path">$bdroot/Subsystem/Simulink-PS Converter4</P>
    <P Name="SID">61</P>
    <P Name="Type">LIBRARY_BLOCK</P>
  </ExternalFileReference>
  <ExternalFileReference>
    <P Name="Reference">nesl_utility/Simulink-PS
Converter</P>
    <P Name="Path">$bdroot/Subsystem/Simulink-PS Converter5</P>
    <P Name="SID">63</P>
    <P Name="Type">LIBRARY_BLOCK</P>
  </ExternalFileReference>
  <ExternalFileReference>
    <P Name="Reference">nesl_utility/Solver
Configuration</P>
    <P Name="Path">$bdroot/Subsystem/Solver Configuration</P>
    <P Name="SID">48</P>
    <P Name="Type">LIBRARY_BLOCK</P>
  </ExternalFileReference>
  <ExternalFileReference>
    <P Name="Reference">sm_lib/Frames and
Transforms/Reference
Frame</P>
    <P Name="Path">$bdroot/Subsystem/Tip_1_RIGID/ReferenceFrame</P>
    <P Name="SID">44</P>
    <P Name="Type">LIBRARY_BLOCK</P>
  </ExternalFileReference>
  <ExternalFileReference>
    <P Name="Reference">sm_lib/Body Elements/File Solid</P>
    <P Name="Path">$bdroot/Subsystem/Tip_1_RIGID/Solid</P>
    <P Name="SID">45</P>
    <P Name="Type">LIBRARY_BLOCK</P>
  </ExternalFileReference>
  <ExternalFileReference>
    <P Name="Reference">sm_lib/Frames and
Transforms/Rigid
Transform</P>
    <P Name="Path">$bdroot/Subsystem/Tip_1_RIGID/Transform</P>
    <P Name="SID">46</P>
    <P Name="Type">LIBRARY_BLOCK</P>
  </ExternalFileReference>
  <ExternalFileReference>
    <P Name="Reference">sm_lib/Frames and
Transforms/Rigid
Transform</P>
    <P Name="Path">$bdroot/Subsystem/Transform</P>
    <P Name="SID">13</P>
    <P Name="Type">LIBRARY_BLOCK</P>
  </ExternalFileReference>
  <ExternalFileReference>
    <P Name="Reference">sm_lib/Frames and
Transforms/World Frame</P>
    <P Name="Path">$bdroot/Subsystem/World</P>
    <P Name="SID">14</P>
    <P Name="Type">LIBRARY_BLOCK</P>
  </ExternalFileReference>
  <P Name="OrderedModelArguments">1</P>
</GraphicalInterface>
