<?xml version="1.0" encoding="UTF-8"?>
<sltp_editor version="1.1" packageUris="http://schema.mathworks.com/mf0/DiagramEditor/R2019a_20181107 http://schema.mathworks.com/mf0/SltpSyntax/R2022a_202109161050">
  <diagram.editor.model.Diagram type="diagram.editor.model.Diagram" uuid="b2d9c16b-5f1c-465b-8001-3a33ac356b7c">
    <entities type="diagram.editor.model.Entity" uuid="b36f2655-1601-46b7-8cc2-c29734978e12">
      <position>0,0</position>
      <size>0,0,0,0</size>
      <syntaxElement type="sltp.mm.syntax.Node" uuid="2cd0feed-e9d7-47e1-bed0-7ec7be7dc49a"/>
      <title>Cont</title>
      <type>base</type>
      <subDiagram type="diagram.editor.model.Diagram" uuid="98324aad-690a-4281-8a57-e361654e9e74">
        <position>0,0</position>
        <syntaxElement type="sltp.mm.syntax.Graph" uuid="ee1595a2-b614-4174-be97-41657fb3c858"/>
        <title>Cont</title>
        <type>graph.Graph</type>
      </subDiagram>
    </entities>
    <syntaxElement type="sltp.mm.syntax.Graph" uuid="910dcb87-6e06-4fa4-85f7-84c3066a237f"/>
    <title>Default</title>
    <type>graph.Graph</type>
  </diagram.editor.model.Diagram>
  <sltp.mm.syntax.Context type="sltp.mm.syntax.Context" uuid="271b72f3-d5c3-47af-aed9-0ecf212e4a0e">
    <rootGraph type="sltp.mm.syntax.Graph" uuid="910dcb87-6e06-4fa4-85f7-84c3066a237f">
      <children type="sltp.mm.syntax.Node" uuid="2cd0feed-e9d7-47e1-bed0-7ec7be7dc49a">
        <priority>40</priority>
        <rates type="sltp.mm.syntax.RateData">
          <color>#000000</color>
          <hasBlocks>true</hasBlocks>
          <rate>0</rate>
          <title>Cont</title>
        </rates>
        <title>Cont</title>
        <type>base</type>
        <diagramElement type="diagram.editor.model.Entity" uuid="b36f2655-1601-46b7-8cc2-c29734978e12"/>
        <subgraph type="sltp.mm.syntax.Graph" uuid="ee1595a2-b614-4174-be97-41657fb3c858">
          <title>Cont</title>
          <diagramElement type="diagram.editor.model.Diagram" uuid="98324aad-690a-4281-8a57-e361654e9e74"/>
        </subgraph>
      </children>
      <title>Default</title>
      <diagramElement type="diagram.editor.model.Diagram" uuid="b2d9c16b-5f1c-465b-8001-3a33ac356b7c"/>
    </rootGraph>
  </sltp.mm.syntax.Context>
</sltp_editor>