<?xml version="1.0" encoding="UTF-8"?>
<sltp_graph version="1.1" packageUris="http://schema.mathworks.com/mf0/sltp_mm/R2021b_202106150630">
  <sltp.mm.core.Context type="sltp.mm.core.Context" uuid="795aaf7b-d408-4cf3-9852-f11240d8afd9">
    <priorityDirection>HighNumberLast</priorityDirection>
    <editorState type="sltp.mm.core.EditorState" uuid="00d91bbc-e18e-49b0-800c-88273a37049b">
      <isSynchronized>true</isSynchronized>
      <panelState type="sltp.mm.core.EditorPanelState" uuid="bdb20ac9-8a17-42c0-8cfd-3489fd3fb81e"/>
    </editorState>
    <rootTask type="sltp.mm.core.Task" uuid="80798097-d770-41dd-8901-5093cb5332ab">
      <context type="sltp.mm.core.Context" uuid="795aaf7b-d408-4cf3-9852-f11240d8afd9"/>
      <explicit>false</explicit>
      <name>Default</name>
      <priority>-2147483648</priority>
      <subgraph type="sltp.mm.core.Graph" uuid="45a20ec1-ccea-465e-a32f-d8ee7e6e184c">
        <tasks type="sltp.mm.core.Task" uuid="59706f6b-a67d-4f6f-a7a8-78a020c1ca12">
          <baseTask>true</baseTask>
          <context type="sltp.mm.core.Context" uuid="795aaf7b-d408-4cf3-9852-f11240d8afd9"/>
          <explicit>false</explicit>
          <id>1</id>
          <isTimed>true</isTimed>
          <name>Cont</name>
          <priority>40</priority>
          <rates type="sltp.mm.core.Rate" uuid="7c2d5ca0-ee9c-4925-9400-af0658ec5251">
            <annotation>Cont</annotation>
            <color>255</color>
            <hasBlocks>true</hasBlocks>
            <identifier>Continuous00</identifier>
            <rateSpec type="sltp.mm.core.RateSpec">
              <period>0.0</period>
            </rateSpec>
            <sti>0</sti>
          </rates>
        </tasks>
      </subgraph>
    </rootTask>
  </sltp.mm.core.Context>
</sltp_graph>