<?xml version="1.0" encoding="utf-8"?>
<System>
  <P Name="Location">[-8, -8, 1928, 1040]</P>
  <P Name="SystemRect">[0.000000, 0.000000, 0.000000, 0.000000]</P>
  <P Name="SetExecutionDomain">off</P>
  <P Name="ExecutionDomainType">Deduce</P>
  <P Name="SimulinkSubDomain">Simulink</P>
  <Block BlockType="Inport" Name="input0" SID="65">
    <P Name="Position">[375, 203, 405, 217]</P>
    <P Name="ZOrder">35</P>
  </Block>
  <Block BlockType="Inport" Name="input1" SID="66">
    <P Name="Position">[805, 203, 835, 217]</P>
    <P Name="ZOrder">36</P>
    <P Name="Port">2</P>
  </Block>
  <Block BlockType="Inport" Name="input2" SID="67">
    <P Name="Position">[1185, 203, 1215, 217]</P>
    <P Name="ZOrder">37</P>
    <P Name="Port">3</P>
  </Block>
  <Block BlockType="Inport" Name="input3" SID="68">
    <P Name="Position">[1595, 213, 1625, 227]</P>
    <P Name="ZOrder">38</P>
    <P Name="Port">4</P>
  </Block>
  <Block BlockType="Inport" Name="input4" SID="69">
    <P Name="Position">[1975, 213, 2005, 227]</P>
    <P Name="ZOrder">39</P>
    <P Name="Port">5</P>
  </Block>
  <Block BlockType="SubSystem" Name="Base_1_RIGID" SID="1">
    <P Name="Ports">[0, 0, 0, 0, 0, 1, 1]</P>
    <P Name="Position">[345, 70, 385, 110]</P>
    <P Name="ZOrder">1</P>
    <P Name="RequestExecContextInheritance">off</P>
    <P Name="ContentPreviewEnabled">on</P>
    <Mask>
      <Display/>
    </Mask>
    <System Ref="system_1"/>
  </Block>
  <Block BlockType="SubSystem" Name="Link_1_1_RIGID" SID="2">
    <P Name="Ports">[0, 0, 0, 0, 0, 1, 1]</P>
    <P Name="Position">[755, 70, 795, 110]</P>
    <P Name="ZOrder">2</P>
    <P Name="RequestExecContextInheritance">off</P>
    <P Name="ContentPreviewEnabled">on</P>
    <Mask>
      <Display/>
    </Mask>
    <System Ref="system_2"/>
  </Block>
  <Block BlockType="SubSystem" Name="Link_2_1_RIGID" SID="3">
    <P Name="Ports">[0, 0, 0, 0, 0, 1, 1]</P>
    <P Name="Position">[1165, 70, 1205, 110]</P>
    <P Name="ZOrder">3</P>
    <P Name="RequestExecContextInheritance">off</P>
    <P Name="ContentPreviewEnabled">on</P>
    <Mask>
      <Display/>
    </Mask>
    <System Ref="system_3"/>
  </Block>
  <Block BlockType="SubSystem" Name="Link_3_1_RIGID" SID="4">
    <P Name="Ports">[0, 0, 0, 0, 0, 1, 1]</P>
    <P Name="Position">[1545, 80, 1585, 120]</P>
    <P Name="ZOrder">4</P>
    <P Name="RequestExecContextInheritance">off</P>
    <P Name="ContentPreviewEnabled">on</P>
    <Mask>
      <Display/>
    </Mask>
    <System Ref="system_4"/>
  </Block>
  <Block BlockType="SubSystem" Name="Link_4_1_RIGID" SID="5">
    <P Name="Ports">[0, 0, 0, 0, 0, 1, 1]</P>
    <P Name="Position">[1955, 80, 1995, 120]</P>
    <P Name="ZOrder">5</P>
    <P Name="RequestExecContextInheritance">off</P>
    <P Name="ContentPreviewEnabled">on</P>
    <Mask>
      <Display/>
    </Mask>
    <System Ref="system_5"/>
  </Block>
  <Block BlockType="Reference" Name="MechanismConfiguration" SID="6">
    <P Name="Ports">[0, 0, 0, 0, 0, 0, 1]</P>
    <P Name="Position">[20, 120, 60, 160]</P>
    <P Name="ZOrder">6</P>
    <P Name="ShowName">off</P>
    <P Name="LibraryVersion">7.51</P>
    <P Name="SourceBlock">sm_lib/Utilities/Mechanism
Configuration</P>
    <P Name="SourceType">Mechanism
Configuration</P>
    <P Name="SourceProductBaseCode">MS</P>
    <InstanceData>
      <P Name="LogSimulationData">off</P>
      <P Name="UniformGravity">Constant</P>
      <P Name="GravityVector">[0 -9.80665 0]</P>
      <P Name="GravityUnits">m/s^2</P>
      <P Name="GravityVector_conf">compiletime</P>
      <P Name="LinearizationDelta">0.001</P>
      <P Name="JointModeTransitionNonlinearIterations">2</P>
    </InstanceData>
  </Block>
  <Block BlockType="Reference" Name="PS-Simulink&#xA;Converter" SID="53">
    <P Name="Ports">[0, 1, 0, 0, 0, 1]</P>
    <P Name="Position">[665, 189, 725, 231]</P>
    <P Name="ZOrder">24</P>
    <P Name="LibraryVersion">6.0</P>
    <P Name="SourceBlock">nesl_utility/PS-Simulink
Converter</P>
    <P Name="SourceType">PS-Simulink
Converter</P>
    <P Name="SourceProductBaseCode">SS,PW,VE</P>
    <InstanceData>
      <P Name="RTWMemSecFuncInitTerm">Inherit from model</P>
      <P Name="RTWMemSecFuncExecute">Inherit from model</P>
      <P Name="RTWMemSecDataConstants">Inherit from model</P>
      <P Name="RTWMemSecDataInternal">Inherit from model</P>
      <P Name="RTWMemSecDataParameters">Inherit from model</P>
      <P Name="ContentPreviewEnabled">on</P>
      <P Name="PhysicalDomain">network_engine_domain</P>
      <P Name="SubClassName">ps_output</P>
      <P Name="LeftPortType">input</P>
      <P Name="RightPortType">output</P>
      <P Name="PseudoPeriodic">off</P>
      <P Name="Frequencies">[]</P>
      <P Name="VectorFormat">inherit</P>
      <P Name="Unit">inherit</P>
      <P Name="AffineConversion">off</P>
    </InstanceData>
  </Block>
  <Block BlockType="Reference" Name="PS-Simulink&#xA;Converter1" SID="54">
    <P Name="Ports">[0, 1, 0, 0, 0, 1]</P>
    <P Name="Position">[1035, 189, 1095, 231]</P>
    <P Name="ZOrder">26</P>
    <P Name="LibraryVersion">6.0</P>
    <P Name="SourceBlock">nesl_utility/PS-Simulink
Converter</P>
    <P Name="SourceType">PS-Simulink
Converter</P>
    <P Name="SourceProductBaseCode">SS,PW,VE</P>
    <InstanceData>
      <P Name="RTWMemSecFuncInitTerm">Inherit from model</P>
      <P Name="RTWMemSecFuncExecute">Inherit from model</P>
      <P Name="RTWMemSecDataConstants">Inherit from model</P>
      <P Name="RTWMemSecDataInternal">Inherit from model</P>
      <P Name="RTWMemSecDataParameters">Inherit from model</P>
      <P Name="ContentPreviewEnabled">on</P>
      <P Name="PhysicalDomain">network_engine_domain</P>
      <P Name="SubClassName">ps_output</P>
      <P Name="LeftPortType">input</P>
      <P Name="RightPortType">output</P>
      <P Name="PseudoPeriodic">off</P>
      <P Name="Frequencies">[]</P>
      <P Name="VectorFormat">inherit</P>
      <P Name="Unit">inherit</P>
      <P Name="AffineConversion">off</P>
    </InstanceData>
  </Block>
  <Block BlockType="Reference" Name="PS-Simulink&#xA;Converter2" SID="56">
    <P Name="Ports">[0, 1, 0, 0, 0, 1]</P>
    <P Name="Position">[1435, 189, 1495, 231]</P>
    <P Name="ZOrder">28</P>
    <P Name="LibraryVersion">6.0</P>
    <P Name="SourceBlock">nesl_utility/PS-Simulink
Converter</P>
    <P Name="SourceType">PS-Simulink
Converter</P>
    <P Name="SourceProductBaseCode">SS,PW,VE</P>
    <InstanceData>
      <P Name="RTWMemSecFuncInitTerm">Inherit from model</P>
      <P Name="RTWMemSecFuncExecute">Inherit from model</P>
      <P Name="RTWMemSecDataConstants">Inherit from model</P>
      <P Name="RTWMemSecDataInternal">Inherit from model</P>
      <P Name="RTWMemSecDataParameters">Inherit from model</P>
      <P Name="ContentPreviewEnabled">on</P>
      <P Name="PhysicalDomain">network_engine_domain</P>
      <P Name="SubClassName">ps_output</P>
      <P Name="LeftPortType">input</P>
      <P Name="RightPortType">output</P>
      <P Name="PseudoPeriodic">off</P>
      <P Name="Frequencies">[]</P>
      <P Name="VectorFormat">inherit</P>
      <P Name="Unit">inherit</P>
      <P Name="AffineConversion">off</P>
    </InstanceData>
  </Block>
  <Block BlockType="Reference" Name="PS-Simulink&#xA;Converter3" SID="60">
    <P Name="Ports">[0, 1, 0, 0, 0, 1]</P>
    <P Name="Position">[1825, 199, 1885, 241]</P>
    <P Name="ZOrder">32</P>
    <P Name="LibraryVersion">6.0</P>
    <P Name="SourceBlock">nesl_utility/PS-Simulink
Converter</P>
    <P Name="SourceType">PS-Simulink
Converter</P>
    <P Name="SourceProductBaseCode">SS,PW,VE</P>
    <InstanceData>
      <P Name="RTWMemSecFuncInitTerm">Inherit from model</P>
      <P Name="RTWMemSecFuncExecute">Inherit from model</P>
      <P Name="RTWMemSecDataConstants">Inherit from model</P>
      <P Name="RTWMemSecDataInternal">Inherit from model</P>
      <P Name="RTWMemSecDataParameters">Inherit from model</P>
      <P Name="ContentPreviewEnabled">on</P>
      <P Name="PhysicalDomain">network_engine_domain</P>
      <P Name="SubClassName">ps_output</P>
      <P Name="LeftPortType">input</P>
      <P Name="RightPortType">output</P>
      <P Name="PseudoPeriodic">off</P>
      <P Name="Frequencies">[]</P>
      <P Name="VectorFormat">inherit</P>
      <P Name="Unit">inherit</P>
      <P Name="AffineConversion">off</P>
    </InstanceData>
  </Block>
  <Block BlockType="Reference" Name="PS-Simulink&#xA;Converter4" SID="62">
    <P Name="Ports">[0, 1, 0, 0, 0, 1]</P>
    <P Name="Position">[2230, 199, 2290, 241]</P>
    <P Name="ZOrder">34</P>
    <P Name="LibraryVersion">6.0</P>
    <P Name="SourceBlock">nesl_utility/PS-Simulink
Converter</P>
    <P Name="SourceType">PS-Simulink
Converter</P>
    <P Name="SourceProductBaseCode">SS,PW,VE</P>
    <InstanceData>
      <P Name="RTWMemSecFuncInitTerm">Inherit from model</P>
      <P Name="RTWMemSecFuncExecute">Inherit from model</P>
      <P Name="RTWMemSecDataConstants">Inherit from model</P>
      <P Name="RTWMemSecDataInternal">Inherit from model</P>
      <P Name="RTWMemSecDataParameters">Inherit from model</P>
      <P Name="ContentPreviewEnabled">on</P>
      <P Name="PhysicalDomain">network_engine_domain</P>
      <P Name="SubClassName">ps_output</P>
      <P Name="LeftPortType">input</P>
      <P Name="RightPortType">output</P>
      <P Name="PseudoPeriodic">off</P>
      <P Name="Frequencies">[]</P>
      <P Name="VectorFormat">inherit</P>
      <P Name="Unit">inherit</P>
      <P Name="AffineConversion">off</P>
    </InstanceData>
  </Block>
  <Block BlockType="Reference" Name="PS-Simulink&#xA;Converter5" SID="123">
    <P Name="Ports">[0, 1, 0, 0, 0, 1]</P>
    <P Name="Position">[665, 284, 725, 326]</P>
    <P Name="ZOrder">48</P>
    <P Name="LibraryVersion">6.0</P>
    <P Name="SourceBlock">nesl_utility/PS-Simulink
Converter</P>
    <P Name="SourceType">PS-Simulink
Converter</P>
    <P Name="SourceProductBaseCode">SS,PW,VE</P>
    <InstanceData>
      <P Name="RTWMemSecFuncInitTerm">Inherit from model</P>
      <P Name="RTWMemSecFuncExecute">Inherit from model</P>
      <P Name="RTWMemSecDataConstants">Inherit from model</P>
      <P Name="RTWMemSecDataInternal">Inherit from model</P>
      <P Name="RTWMemSecDataParameters">Inherit from model</P>
      <P Name="ContentPreviewEnabled">on</P>
      <P Name="PhysicalDomain">network_engine_domain</P>
      <P Name="SubClassName">ps_output</P>
      <P Name="LeftPortType">input</P>
      <P Name="RightPortType">output</P>
      <P Name="PseudoPeriodic">off</P>
      <P Name="Frequencies">[]</P>
      <P Name="VectorFormat">inherit</P>
      <P Name="Unit">inherit</P>
      <P Name="AffineConversion">off</P>
    </InstanceData>
  </Block>
  <Block BlockType="Reference" Name="PS-Simulink&#xA;Converter6" SID="124">
    <P Name="Ports">[0, 1, 0, 0, 0, 1]</P>
    <P Name="Position">[1065, 284, 1125, 326]</P>
    <P Name="ZOrder">50</P>
    <P Name="LibraryVersion">6.0</P>
    <P Name="SourceBlock">nesl_utility/PS-Simulink
Converter</P>
    <P Name="SourceType">PS-Simulink
Converter</P>
    <P Name="SourceProductBaseCode">SS,PW,VE</P>
    <InstanceData>
      <P Name="RTWMemSecFuncInitTerm">Inherit from model</P>
      <P Name="RTWMemSecFuncExecute">Inherit from model</P>
      <P Name="RTWMemSecDataConstants">Inherit from model</P>
      <P Name="RTWMemSecDataInternal">Inherit from model</P>
      <P Name="RTWMemSecDataParameters">Inherit from model</P>
      <P Name="ContentPreviewEnabled">on</P>
      <P Name="PhysicalDomain">network_engine_domain</P>
      <P Name="SubClassName">ps_output</P>
      <P Name="LeftPortType">input</P>
      <P Name="RightPortType">output</P>
      <P Name="PseudoPeriodic">off</P>
      <P Name="Frequencies">[]</P>
      <P Name="VectorFormat">inherit</P>
      <P Name="Unit">inherit</P>
      <P Name="AffineConversion">off</P>
    </InstanceData>
  </Block>
  <Block BlockType="Reference" Name="PS-Simulink&#xA;Converter7" SID="126">
    <P Name="Ports">[0, 1, 0, 0, 0, 1]</P>
    <P Name="Position">[1460, 284, 1520, 326]</P>
    <P Name="ZOrder">52</P>
    <P Name="LibraryVersion">6.0</P>
    <P Name="SourceBlock">nesl_utility/PS-Simulink
Converter</P>
    <P Name="SourceType">PS-Simulink
Converter</P>
    <P Name="SourceProductBaseCode">SS,PW,VE</P>
    <InstanceData>
      <P Name="RTWMemSecFuncInitTerm">Inherit from model</P>
      <P Name="RTWMemSecFuncExecute">Inherit from model</P>
      <P Name="RTWMemSecDataConstants">Inherit from model</P>
      <P Name="RTWMemSecDataInternal">Inherit from model</P>
      <P Name="RTWMemSecDataParameters">Inherit from model</P>
      <P Name="ContentPreviewEnabled">on</P>
      <P Name="PhysicalDomain">network_engine_domain</P>
      <P Name="SubClassName">ps_output</P>
      <P Name="LeftPortType">input</P>
      <P Name="RightPortType">output</P>
      <P Name="PseudoPeriodic">off</P>
      <P Name="Frequencies">[]</P>
      <P Name="VectorFormat">inherit</P>
      <P Name="Unit">inherit</P>
      <P Name="AffineConversion">off</P>
    </InstanceData>
  </Block>
  <Block BlockType="Reference" Name="PS-Simulink&#xA;Converter8" SID="128">
    <P Name="Ports">[0, 1, 0, 0, 0, 1]</P>
    <P Name="Position">[1850, 294, 1910, 336]</P>
    <P Name="ZOrder">54</P>
    <P Name="LibraryVersion">6.0</P>
    <P Name="SourceBlock">nesl_utility/PS-Simulink
Converter</P>
    <P Name="SourceType">PS-Simulink
Converter</P>
    <P Name="SourceProductBaseCode">SS,PW,VE</P>
    <InstanceData>
      <P Name="RTWMemSecFuncInitTerm">Inherit from model</P>
      <P Name="RTWMemSecFuncExecute">Inherit from model</P>
      <P Name="RTWMemSecDataConstants">Inherit from model</P>
      <P Name="RTWMemSecDataInternal">Inherit from model</P>
      <P Name="RTWMemSecDataParameters">Inherit from model</P>
      <P Name="ContentPreviewEnabled">on</P>
      <P Name="PhysicalDomain">network_engine_domain</P>
      <P Name="SubClassName">ps_output</P>
      <P Name="LeftPortType">input</P>
      <P Name="RightPortType">output</P>
      <P Name="PseudoPeriodic">off</P>
      <P Name="Frequencies">[]</P>
      <P Name="VectorFormat">inherit</P>
      <P Name="Unit">inherit</P>
      <P Name="AffineConversion">off</P>
    </InstanceData>
  </Block>
  <Block BlockType="Reference" Name="PS-Simulink&#xA;Converter9" SID="130">
    <P Name="Ports">[0, 1, 0, 0, 0, 1]</P>
    <P Name="Position">[2250, 294, 2310, 336]</P>
    <P Name="ZOrder">56</P>
    <P Name="LibraryVersion">6.0</P>
    <P Name="SourceBlock">nesl_utility/PS-Simulink
Converter</P>
    <P Name="SourceType">PS-Simulink
Converter</P>
    <P Name="SourceProductBaseCode">SS,PW,VE</P>
    <InstanceData>
      <P Name="RTWMemSecFuncInitTerm">Inherit from model</P>
      <P Name="RTWMemSecFuncExecute">Inherit from model</P>
      <P Name="RTWMemSecDataConstants">Inherit from model</P>
      <P Name="RTWMemSecDataInternal">Inherit from model</P>
      <P Name="RTWMemSecDataParameters">Inherit from model</P>
      <P Name="ContentPreviewEnabled">on</P>
      <P Name="PhysicalDomain">network_engine_domain</P>
      <P Name="SubClassName">ps_output</P>
      <P Name="LeftPortType">input</P>
      <P Name="RightPortType">output</P>
      <P Name="PseudoPeriodic">off</P>
      <P Name="Frequencies">[]</P>
      <P Name="VectorFormat">inherit</P>
      <P Name="Unit">inherit</P>
      <P Name="AffineConversion">off</P>
    </InstanceData>
  </Block>
  <Block BlockType="Reference" Name="Revolute" SID="7">
    <P Name="Ports">[0, 0, 0, 0, 0, 2, 3]</P>
    <P Name="Position">[945, 70, 985, 110]</P>
    <P Name="ZOrder">13</P>
    <P Name="LibraryVersion">7.51</P>
    <P Name="SourceBlock">sm_lib/Joints/Revolute Joint</P>
    <P Name="SourceType">Revolute Joint</P>
    <P Name="SourceProductBaseCode">MS</P>
    <InstanceData>
      <P Name="LogSimulationData">off</P>
      <P Name="JointMode">Normal</P>
      <P Name="SenseConstraintForce">off</P>
      <P Name="SenseConstraintForceX">off</P>
      <P Name="SenseConstraintForceY">off</P>
      <P Name="SenseConstraintForceZ">off</P>
      <P Name="SenseConstraintTorque">off</P>
      <P Name="SenseConstraintTorqueX">off</P>
      <P Name="SenseConstraintTorqueY">off</P>
      <P Name="SenseConstraintTorqueZ">off</P>
      <P Name="SenseTotalForce">off</P>
      <P Name="SenseTotalForceX">off</P>
      <P Name="SenseTotalForceY">off</P>
      <P Name="SenseTotalForceZ">off</P>
      <P Name="SenseTotalTorque">off</P>
      <P Name="SenseTotalTorqueX">off</P>
      <P Name="SenseTotalTorqueY">off</P>
      <P Name="SenseTotalTorqueZ">off</P>
      <P Name="CompositeWrenchDir">FollowerOnBase</P>
      <P Name="CompositeWrenchFrame">BaseFrame</P>
      <P Name="EquilibriumPosition">0</P>
      <P Name="EquilibriumPositionUnits">deg</P>
      <P Name="EquilibriumPosition_conf">compiletime</P>
      <P Name="SpringStiffness">0</P>
      <P Name="SpringStiffnessUnits">N*m/deg</P>
      <P Name="SpringStiffness_conf">compiletime</P>
      <P Name="DampingCoefficient">0</P>
      <P Name="DampingCoefficientUnits">N*m/(deg/s)</P>
      <P Name="DampingCoefficient_conf">compiletime</P>
      <P Name="TorqueActuationMode">ComputedTorque</P>
      <P Name="MotionActuationMode">InputMotion</P>
      <P Name="SensePosition">on</P>
      <P Name="SenseVelocity">on</P>
      <P Name="SenseAcceleration">off</P>
      <P Name="SenseTorqueForce">off</P>
      <P Name="SenseLowerLimitTorqueForce">off</P>
      <P Name="SenseUpperLimitTorqueForce">off</P>
      <P Name="LowerLimitSpecify">off</P>
      <P Name="LowerLimitBound">-90</P>
      <P Name="LowerLimitBoundUnits">deg</P>
      <P Name="LowerLimitBound_conf">compiletime</P>
      <P Name="LowerLimitStiffness">1e4</P>
      <P Name="LowerLimitStiffnessUnits">N*m/deg</P>
      <P Name="LowerLimitStiffness_conf">compiletime</P>
      <P Name="LowerLimitDamping">10</P>
      <P Name="LowerLimitDampingUnits">N*m/(deg/s)</P>
      <P Name="LowerLimitDamping_conf">compiletime</P>
      <P Name="LowerLimitTransitionRegionWidth">0.1</P>
      <P Name="LowerLimitTransitionRegionWidthUnits">deg</P>
      <P Name="LowerLimitTransitionRegionWidth_conf">compiletime</P>
      <P Name="UpperLimitSpecify">off</P>
      <P Name="UpperLimitBound">90</P>
      <P Name="UpperLimitBoundUnits">deg</P>
      <P Name="UpperLimitBound_conf">compiletime</P>
      <P Name="UpperLimitStiffness">1e4</P>
      <P Name="UpperLimitStiffnessUnits">N*m/deg</P>
      <P Name="UpperLimitStiffness_conf">compiletime</P>
      <P Name="UpperLimitDamping">10</P>
      <P Name="UpperLimitDampingUnits">N*m/(deg/s)</P>
      <P Name="UpperLimitDamping_conf">compiletime</P>
      <P Name="UpperLimitTransitionRegionWidth">0.1</P>
      <P Name="UpperLimitTransitionRegionWidthUnits">deg</P>
      <P Name="UpperLimitTransitionRegionWidth_conf">compiletime</P>
      <P Name="PositionTargetSpecify">on</P>
      <P Name="PositionTargetPriority">Low</P>
      <P Name="PositionTargetValue">smiData.RevoluteJoint(1).Rz.Pos</P>
      <P Name="PositionTargetValueUnits">deg</P>
      <P Name="PositionTargetValue_conf">compiletime</P>
      <P Name="VelocityTargetSpecify">off</P>
      <P Name="VelocityTargetPriority">High</P>
      <P Name="VelocityTargetValue">0</P>
      <P Name="VelocityTargetValueUnits">deg/s</P>
      <P Name="VelocityTargetValue_conf">compiletime</P>
    </InstanceData>
  </Block>
  <Block BlockType="Reference" Name="Revolute1" SID="8">
    <P Name="Ports">[0, 0, 0, 0, 0, 2, 3]</P>
    <P Name="Position">[555, 70, 595, 110]</P>
    <P Name="ZOrder">14</P>
    <P Name="LibraryVersion">7.51</P>
    <P Name="SourceBlock">sm_lib/Joints/Revolute Joint</P>
    <P Name="SourceType">Revolute Joint</P>
    <P Name="SourceProductBaseCode">MS</P>
    <InstanceData>
      <P Name="LogSimulationData">off</P>
      <P Name="JointMode">Normal</P>
      <P Name="SenseConstraintForce">off</P>
      <P Name="SenseConstraintForceX">off</P>
      <P Name="SenseConstraintForceY">off</P>
      <P Name="SenseConstraintForceZ">off</P>
      <P Name="SenseConstraintTorque">off</P>
      <P Name="SenseConstraintTorqueX">off</P>
      <P Name="SenseConstraintTorqueY">off</P>
      <P Name="SenseConstraintTorqueZ">off</P>
      <P Name="SenseTotalForce">off</P>
      <P Name="SenseTotalForceX">off</P>
      <P Name="SenseTotalForceY">off</P>
      <P Name="SenseTotalForceZ">off</P>
      <P Name="SenseTotalTorque">off</P>
      <P Name="SenseTotalTorqueX">off</P>
      <P Name="SenseTotalTorqueY">off</P>
      <P Name="SenseTotalTorqueZ">off</P>
      <P Name="CompositeWrenchDir">FollowerOnBase</P>
      <P Name="CompositeWrenchFrame">BaseFrame</P>
      <P Name="EquilibriumPosition">0</P>
      <P Name="EquilibriumPositionUnits">deg</P>
      <P Name="EquilibriumPosition_conf">compiletime</P>
      <P Name="SpringStiffness">0</P>
      <P Name="SpringStiffnessUnits">N*m/deg</P>
      <P Name="SpringStiffness_conf">compiletime</P>
      <P Name="DampingCoefficient">0</P>
      <P Name="DampingCoefficientUnits">N*m/(deg/s)</P>
      <P Name="DampingCoefficient_conf">compiletime</P>
      <P Name="TorqueActuationMode">ComputedTorque</P>
      <P Name="MotionActuationMode">InputMotion</P>
      <P Name="SensePosition">on</P>
      <P Name="SenseVelocity">on</P>
      <P Name="SenseAcceleration">off</P>
      <P Name="SenseTorqueForce">off</P>
      <P Name="SenseLowerLimitTorqueForce">off</P>
      <P Name="SenseUpperLimitTorqueForce">off</P>
      <P Name="LowerLimitSpecify">off</P>
      <P Name="LowerLimitBound">-90</P>
      <P Name="LowerLimitBoundUnits">deg</P>
      <P Name="LowerLimitBound_conf">compiletime</P>
      <P Name="LowerLimitStiffness">1e4</P>
      <P Name="LowerLimitStiffnessUnits">N*m/deg</P>
      <P Name="LowerLimitStiffness_conf">compiletime</P>
      <P Name="LowerLimitDamping">10</P>
      <P Name="LowerLimitDampingUnits">N*m/(deg/s)</P>
      <P Name="LowerLimitDamping_conf">compiletime</P>
      <P Name="LowerLimitTransitionRegionWidth">0.1</P>
      <P Name="LowerLimitTransitionRegionWidthUnits">deg</P>
      <P Name="LowerLimitTransitionRegionWidth_conf">compiletime</P>
      <P Name="UpperLimitSpecify">off</P>
      <P Name="UpperLimitBound">90</P>
      <P Name="UpperLimitBoundUnits">deg</P>
      <P Name="UpperLimitBound_conf">compiletime</P>
      <P Name="UpperLimitStiffness">1e4</P>
      <P Name="UpperLimitStiffnessUnits">N*m/deg</P>
      <P Name="UpperLimitStiffness_conf">compiletime</P>
      <P Name="UpperLimitDamping">10</P>
      <P Name="UpperLimitDampingUnits">N*m/(deg/s)</P>
      <P Name="UpperLimitDamping_conf">compiletime</P>
      <P Name="UpperLimitTransitionRegionWidth">0.1</P>
      <P Name="UpperLimitTransitionRegionWidthUnits">deg</P>
      <P Name="UpperLimitTransitionRegionWidth_conf">compiletime</P>
      <P Name="PositionTargetSpecify">on</P>
      <P Name="PositionTargetPriority">Low</P>
      <P Name="PositionTargetValue">smiData.RevoluteJoint(2).Rz.Pos</P>
      <P Name="PositionTargetValueUnits">deg</P>
      <P Name="PositionTargetValue_conf">compiletime</P>
      <P Name="VelocityTargetSpecify">off</P>
      <P Name="VelocityTargetPriority">High</P>
      <P Name="VelocityTargetValue">0</P>
      <P Name="VelocityTargetValueUnits">deg/s</P>
      <P Name="VelocityTargetValue_conf">compiletime</P>
    </InstanceData>
  </Block>
  <Block BlockType="Reference" Name="Revolute2" SID="9">
    <P Name="Ports">[0, 0, 0, 0, 0, 2, 3]</P>
    <P Name="Position">[1335, 70, 1375, 110]</P>
    <P Name="ZOrder">15</P>
    <P Name="LibraryVersion">7.51</P>
    <P Name="SourceBlock">sm_lib/Joints/Revolute Joint</P>
    <P Name="SourceType">Revolute Joint</P>
    <P Name="SourceProductBaseCode">MS</P>
    <InstanceData>
      <P Name="LogSimulationData">off</P>
      <P Name="JointMode">Normal</P>
      <P Name="SenseConstraintForce">off</P>
      <P Name="SenseConstraintForceX">off</P>
      <P Name="SenseConstraintForceY">off</P>
      <P Name="SenseConstraintForceZ">off</P>
      <P Name="SenseConstraintTorque">off</P>
      <P Name="SenseConstraintTorqueX">off</P>
      <P Name="SenseConstraintTorqueY">off</P>
      <P Name="SenseConstraintTorqueZ">off</P>
      <P Name="SenseTotalForce">off</P>
      <P Name="SenseTotalForceX">off</P>
      <P Name="SenseTotalForceY">off</P>
      <P Name="SenseTotalForceZ">off</P>
      <P Name="SenseTotalTorque">off</P>
      <P Name="SenseTotalTorqueX">off</P>
      <P Name="SenseTotalTorqueY">off</P>
      <P Name="SenseTotalTorqueZ">off</P>
      <P Name="CompositeWrenchDir">FollowerOnBase</P>
      <P Name="CompositeWrenchFrame">BaseFrame</P>
      <P Name="EquilibriumPosition">0</P>
      <P Name="EquilibriumPositionUnits">deg</P>
      <P Name="EquilibriumPosition_conf">compiletime</P>
      <P Name="SpringStiffness">0</P>
      <P Name="SpringStiffnessUnits">N*m/deg</P>
      <P Name="SpringStiffness_conf">compiletime</P>
      <P Name="DampingCoefficient">0</P>
      <P Name="DampingCoefficientUnits">N*m/(deg/s)</P>
      <P Name="DampingCoefficient_conf">compiletime</P>
      <P Name="TorqueActuationMode">ComputedTorque</P>
      <P Name="MotionActuationMode">InputMotion</P>
      <P Name="SensePosition">on</P>
      <P Name="SenseVelocity">on</P>
      <P Name="SenseAcceleration">off</P>
      <P Name="SenseTorqueForce">off</P>
      <P Name="SenseLowerLimitTorqueForce">off</P>
      <P Name="SenseUpperLimitTorqueForce">off</P>
      <P Name="LowerLimitSpecify">off</P>
      <P Name="LowerLimitBound">-90</P>
      <P Name="LowerLimitBoundUnits">deg</P>
      <P Name="LowerLimitBound_conf">compiletime</P>
      <P Name="LowerLimitStiffness">1e4</P>
      <P Name="LowerLimitStiffnessUnits">N*m/deg</P>
      <P Name="LowerLimitStiffness_conf">compiletime</P>
      <P Name="LowerLimitDamping">10</P>
      <P Name="LowerLimitDampingUnits">N*m/(deg/s)</P>
      <P Name="LowerLimitDamping_conf">compiletime</P>
      <P Name="LowerLimitTransitionRegionWidth">0.1</P>
      <P Name="LowerLimitTransitionRegionWidthUnits">deg</P>
      <P Name="LowerLimitTransitionRegionWidth_conf">compiletime</P>
      <P Name="UpperLimitSpecify">off</P>
      <P Name="UpperLimitBound">90</P>
      <P Name="UpperLimitBoundUnits">deg</P>
      <P Name="UpperLimitBound_conf">compiletime</P>
      <P Name="UpperLimitStiffness">1e4</P>
      <P Name="UpperLimitStiffnessUnits">N*m/deg</P>
      <P Name="UpperLimitStiffness_conf">compiletime</P>
      <P Name="UpperLimitDamping">10</P>
      <P Name="UpperLimitDampingUnits">N*m/(deg/s)</P>
      <P Name="UpperLimitDamping_conf">compiletime</P>
      <P Name="UpperLimitTransitionRegionWidth">0.1</P>
      <P Name="UpperLimitTransitionRegionWidthUnits">deg</P>
      <P Name="UpperLimitTransitionRegionWidth_conf">compiletime</P>
      <P Name="PositionTargetSpecify">on</P>
      <P Name="PositionTargetPriority">Low</P>
      <P Name="PositionTargetValue">smiData.RevoluteJoint(3).Rz.Pos</P>
      <P Name="PositionTargetValueUnits">deg</P>
      <P Name="PositionTargetValue_conf">compiletime</P>
      <P Name="VelocityTargetSpecify">off</P>
      <P Name="VelocityTargetPriority">High</P>
      <P Name="VelocityTargetValue">0</P>
      <P Name="VelocityTargetValueUnits">deg/s</P>
      <P Name="VelocityTargetValue_conf">compiletime</P>
    </InstanceData>
  </Block>
  <Block BlockType="Reference" Name="Revolute3" SID="10">
    <P Name="Ports">[0, 0, 0, 0, 0, 2, 3]</P>
    <P Name="Position">[1745, 80, 1785, 120]</P>
    <P Name="ZOrder">16</P>
    <P Name="LibraryVersion">7.51</P>
    <P Name="SourceBlock">sm_lib/Joints/Revolute Joint</P>
    <P Name="SourceType">Revolute Joint</P>
    <P Name="SourceProductBaseCode">MS</P>
    <InstanceData>
      <P Name="LogSimulationData">off</P>
      <P Name="JointMode">Normal</P>
      <P Name="SenseConstraintForce">off</P>
      <P Name="SenseConstraintForceX">off</P>
      <P Name="SenseConstraintForceY">off</P>
      <P Name="SenseConstraintForceZ">off</P>
      <P Name="SenseConstraintTorque">off</P>
      <P Name="SenseConstraintTorqueX">off</P>
      <P Name="SenseConstraintTorqueY">off</P>
      <P Name="SenseConstraintTorqueZ">off</P>
      <P Name="SenseTotalForce">off</P>
      <P Name="SenseTotalForceX">off</P>
      <P Name="SenseTotalForceY">off</P>
      <P Name="SenseTotalForceZ">off</P>
      <P Name="SenseTotalTorque">off</P>
      <P Name="SenseTotalTorqueX">off</P>
      <P Name="SenseTotalTorqueY">off</P>
      <P Name="SenseTotalTorqueZ">off</P>
      <P Name="CompositeWrenchDir">FollowerOnBase</P>
      <P Name="CompositeWrenchFrame">BaseFrame</P>
      <P Name="EquilibriumPosition">0</P>
      <P Name="EquilibriumPositionUnits">deg</P>
      <P Name="EquilibriumPosition_conf">compiletime</P>
      <P Name="SpringStiffness">0</P>
      <P Name="SpringStiffnessUnits">N*m/deg</P>
      <P Name="SpringStiffness_conf">compiletime</P>
      <P Name="DampingCoefficient">0</P>
      <P Name="DampingCoefficientUnits">N*m/(deg/s)</P>
      <P Name="DampingCoefficient_conf">compiletime</P>
      <P Name="TorqueActuationMode">ComputedTorque</P>
      <P Name="MotionActuationMode">InputMotion</P>
      <P Name="SensePosition">on</P>
      <P Name="SenseVelocity">on</P>
      <P Name="SenseAcceleration">off</P>
      <P Name="SenseTorqueForce">off</P>
      <P Name="SenseLowerLimitTorqueForce">off</P>
      <P Name="SenseUpperLimitTorqueForce">off</P>
      <P Name="LowerLimitSpecify">off</P>
      <P Name="LowerLimitBound">-90</P>
      <P Name="LowerLimitBoundUnits">deg</P>
      <P Name="LowerLimitBound_conf">compiletime</P>
      <P Name="LowerLimitStiffness">1e4</P>
      <P Name="LowerLimitStiffnessUnits">N*m/deg</P>
      <P Name="LowerLimitStiffness_conf">compiletime</P>
      <P Name="LowerLimitDamping">10</P>
      <P Name="LowerLimitDampingUnits">N*m/(deg/s)</P>
      <P Name="LowerLimitDamping_conf">compiletime</P>
      <P Name="LowerLimitTransitionRegionWidth">0.1</P>
      <P Name="LowerLimitTransitionRegionWidthUnits">deg</P>
      <P Name="LowerLimitTransitionRegionWidth_conf">compiletime</P>
      <P Name="UpperLimitSpecify">off</P>
      <P Name="UpperLimitBound">90</P>
      <P Name="UpperLimitBoundUnits">deg</P>
      <P Name="UpperLimitBound_conf">compiletime</P>
      <P Name="UpperLimitStiffness">1e4</P>
      <P Name="UpperLimitStiffnessUnits">N*m/deg</P>
      <P Name="UpperLimitStiffness_conf">compiletime</P>
      <P Name="UpperLimitDamping">10</P>
      <P Name="UpperLimitDampingUnits">N*m/(deg/s)</P>
      <P Name="UpperLimitDamping_conf">compiletime</P>
      <P Name="UpperLimitTransitionRegionWidth">0.1</P>
      <P Name="UpperLimitTransitionRegionWidthUnits">deg</P>
      <P Name="UpperLimitTransitionRegionWidth_conf">compiletime</P>
      <P Name="PositionTargetSpecify">on</P>
      <P Name="PositionTargetPriority">Low</P>
      <P Name="PositionTargetValue">smiData.RevoluteJoint(4).Rz.Pos</P>
      <P Name="PositionTargetValueUnits">deg</P>
      <P Name="PositionTargetValue_conf">compiletime</P>
      <P Name="VelocityTargetSpecify">off</P>
      <P Name="VelocityTargetPriority">High</P>
      <P Name="VelocityTargetValue">0</P>
      <P Name="VelocityTargetValueUnits">deg/s</P>
      <P Name="VelocityTargetValue_conf">compiletime</P>
    </InstanceData>
  </Block>
  <Block BlockType="Reference" Name="Revolute4" SID="11">
    <P Name="Ports">[0, 0, 0, 0, 0, 2, 3]</P>
    <P Name="Position">[2135, 80, 2175, 120]</P>
    <P Name="ZOrder">17</P>
    <P Name="LibraryVersion">7.51</P>
    <P Name="SourceBlock">sm_lib/Joints/Revolute Joint</P>
    <P Name="SourceType">Revolute Joint</P>
    <P Name="SourceProductBaseCode">MS</P>
    <InstanceData>
      <P Name="LogSimulationData">off</P>
      <P Name="JointMode">Normal</P>
      <P Name="SenseConstraintForce">off</P>
      <P Name="SenseConstraintForceX">off</P>
      <P Name="SenseConstraintForceY">off</P>
      <P Name="SenseConstraintForceZ">off</P>
      <P Name="SenseConstraintTorque">off</P>
      <P Name="SenseConstraintTorqueX">off</P>
      <P Name="SenseConstraintTorqueY">off</P>
      <P Name="SenseConstraintTorqueZ">off</P>
      <P Name="SenseTotalForce">off</P>
      <P Name="SenseTotalForceX">off</P>
      <P Name="SenseTotalForceY">off</P>
      <P Name="SenseTotalForceZ">off</P>
      <P Name="SenseTotalTorque">off</P>
      <P Name="SenseTotalTorqueX">off</P>
      <P Name="SenseTotalTorqueY">off</P>
      <P Name="SenseTotalTorqueZ">off</P>
      <P Name="CompositeWrenchDir">FollowerOnBase</P>
      <P Name="CompositeWrenchFrame">BaseFrame</P>
      <P Name="EquilibriumPosition">0</P>
      <P Name="EquilibriumPositionUnits">deg</P>
      <P Name="EquilibriumPosition_conf">compiletime</P>
      <P Name="SpringStiffness">0</P>
      <P Name="SpringStiffnessUnits">N*m/deg</P>
      <P Name="SpringStiffness_conf">compiletime</P>
      <P Name="DampingCoefficient">0</P>
      <P Name="DampingCoefficientUnits">N*m/(deg/s)</P>
      <P Name="DampingCoefficient_conf">compiletime</P>
      <P Name="TorqueActuationMode">ComputedTorque</P>
      <P Name="MotionActuationMode">InputMotion</P>
      <P Name="SensePosition">on</P>
      <P Name="SenseVelocity">off</P>
      <P Name="SenseAcceleration">on</P>
      <P Name="SenseTorqueForce">off</P>
      <P Name="SenseLowerLimitTorqueForce">off</P>
      <P Name="SenseUpperLimitTorqueForce">off</P>
      <P Name="LowerLimitSpecify">off</P>
      <P Name="LowerLimitBound">-90</P>
      <P Name="LowerLimitBoundUnits">deg</P>
      <P Name="LowerLimitBound_conf">compiletime</P>
      <P Name="LowerLimitStiffness">1e4</P>
      <P Name="LowerLimitStiffnessUnits">N*m/deg</P>
      <P Name="LowerLimitStiffness_conf">compiletime</P>
      <P Name="LowerLimitDamping">10</P>
      <P Name="LowerLimitDampingUnits">N*m/(deg/s)</P>
      <P Name="LowerLimitDamping_conf">compiletime</P>
      <P Name="LowerLimitTransitionRegionWidth">0.1</P>
      <P Name="LowerLimitTransitionRegionWidthUnits">deg</P>
      <P Name="LowerLimitTransitionRegionWidth_conf">compiletime</P>
      <P Name="UpperLimitSpecify">off</P>
      <P Name="UpperLimitBound">90</P>
      <P Name="UpperLimitBoundUnits">deg</P>
      <P Name="UpperLimitBound_conf">compiletime</P>
      <P Name="UpperLimitStiffness">1e4</P>
      <P Name="UpperLimitStiffnessUnits">N*m/deg</P>
      <P Name="UpperLimitStiffness_conf">compiletime</P>
      <P Name="UpperLimitDamping">10</P>
      <P Name="UpperLimitDampingUnits">N*m/(deg/s)</P>
      <P Name="UpperLimitDamping_conf">compiletime</P>
      <P Name="UpperLimitTransitionRegionWidth">0.1</P>
      <P Name="UpperLimitTransitionRegionWidthUnits">deg</P>
      <P Name="UpperLimitTransitionRegionWidth_conf">compiletime</P>
      <P Name="PositionTargetSpecify">on</P>
      <P Name="PositionTargetPriority">Low</P>
      <P Name="PositionTargetValue">smiData.RevoluteJoint(5).Rz.Pos</P>
      <P Name="PositionTargetValueUnits">deg</P>
      <P Name="PositionTargetValue_conf">compiletime</P>
      <P Name="VelocityTargetSpecify">off</P>
      <P Name="VelocityTargetPriority">High</P>
      <P Name="VelocityTargetValue">0</P>
      <P Name="VelocityTargetValueUnits">deg/s</P>
      <P Name="VelocityTargetValue_conf">compiletime</P>
    </InstanceData>
  </Block>
  <Block BlockType="Reference" Name="Simulink-PS&#xA;Converter1" SID="58">
    <P Name="Ports">[1, 0, 0, 0, 0, 0, 1]</P>
    <P Name="Position">[855, 194, 915, 226]</P>
    <P Name="ZOrder">29</P>
    <P Name="LibraryVersion">6.0</P>
    <P Name="SourceBlock">nesl_utility/Simulink-PS
Converter</P>
    <P Name="SourceType">Simulink-PS
Converter</P>
    <P Name="SourceProductBaseCode">SS,PW,VE</P>
    <InstanceData>
      <P Name="RTWMemSecFuncInitTerm">Inherit from model</P>
      <P Name="RTWMemSecFuncExecute">Inherit from model</P>
      <P Name="RTWMemSecDataConstants">Inherit from model</P>
      <P Name="RTWMemSecDataInternal">Inherit from model</P>
      <P Name="RTWMemSecDataParameters">Inherit from model</P>
      <P Name="ContentPreviewEnabled">on</P>
      <P Name="PhysicalDomain">network_engine_domain</P>
      <P Name="SubClassName">ps_input</P>
      <P Name="LeftPortType">input</P>
      <P Name="RightPortType">output</P>
      <P Name="PseudoPeriodic">off</P>
      <P Name="Frequencies">[]</P>
      <P Name="NoiseDistribution">none</P>
      <P Name="NoiseParameters">[]</P>
      <P Name="Unit">rad</P>
      <P Name="AffineConversion">off</P>
      <P Name="FilteringAndDerivatives">filter</P>
      <P Name="SimscapeFilterOrder">2</P>
      <P Name="InputFilterTimeConstant">0.001</P>
      <P Name="UdotUserProvided">0</P>
    </InstanceData>
  </Block>
  <Block BlockType="Reference" Name="Simulink-PS&#xA;Converter2" SID="57">
    <P Name="Ports">[1, 0, 0, 0, 0, 0, 1]</P>
    <P Name="Position">[1235, 194, 1295, 226]</P>
    <P Name="ZOrder">27</P>
    <P Name="LibraryVersion">6.0</P>
    <P Name="SourceBlock">nesl_utility/Simulink-PS
Converter</P>
    <P Name="SourceType">Simulink-PS
Converter</P>
    <P Name="SourceProductBaseCode">SS,PW,VE</P>
    <InstanceData>
      <P Name="RTWMemSecFuncInitTerm">Inherit from model</P>
      <P Name="RTWMemSecFuncExecute">Inherit from model</P>
      <P Name="RTWMemSecDataConstants">Inherit from model</P>
      <P Name="RTWMemSecDataInternal">Inherit from model</P>
      <P Name="RTWMemSecDataParameters">Inherit from model</P>
      <P Name="ContentPreviewEnabled">on</P>
      <P Name="PhysicalDomain">network_engine_domain</P>
      <P Name="SubClassName">ps_input</P>
      <P Name="LeftPortType">input</P>
      <P Name="RightPortType">output</P>
      <P Name="PseudoPeriodic">off</P>
      <P Name="Frequencies">[]</P>
      <P Name="NoiseDistribution">none</P>
      <P Name="NoiseParameters">[]</P>
      <P Name="Unit">rad</P>
      <P Name="AffineConversion">off</P>
      <P Name="FilteringAndDerivatives">filter</P>
      <P Name="SimscapeFilterOrder">2</P>
      <P Name="InputFilterTimeConstant">0.001</P>
      <P Name="UdotUserProvided">0</P>
    </InstanceData>
  </Block>
  <Block BlockType="Reference" Name="Simulink-PS&#xA;Converter3" SID="59">
    <P Name="Ports">[1, 0, 0, 0, 0, 0, 1]</P>
    <P Name="Position">[425, 194, 485, 226]</P>
    <P Name="ZOrder">30</P>
    <P Name="LibraryVersion">6.0</P>
    <P Name="SourceBlock">nesl_utility/Simulink-PS
Converter</P>
    <P Name="SourceType">Simulink-PS
Converter</P>
    <P Name="SourceProductBaseCode">SS,PW,VE</P>
    <InstanceData>
      <P Name="RTWMemSecFuncInitTerm">Inherit from model</P>
      <P Name="RTWMemSecFuncExecute">Inherit from model</P>
      <P Name="RTWMemSecDataConstants">Inherit from model</P>
      <P Name="RTWMemSecDataInternal">Inherit from model</P>
      <P Name="RTWMemSecDataParameters">Inherit from model</P>
      <P Name="ContentPreviewEnabled">on</P>
      <P Name="PhysicalDomain">network_engine_domain</P>
      <P Name="SubClassName">ps_input</P>
      <P Name="LeftPortType">input</P>
      <P Name="RightPortType">output</P>
      <P Name="PseudoPeriodic">off</P>
      <P Name="Frequencies">[]</P>
      <P Name="NoiseDistribution">none</P>
      <P Name="NoiseParameters">[]</P>
      <P Name="Unit">rad</P>
      <P Name="AffineConversion">off</P>
      <P Name="FilteringAndDerivatives">filter</P>
      <P Name="SimscapeFilterOrder">2</P>
      <P Name="InputFilterTimeConstant">0.001</P>
      <P Name="UdotUserProvided">0</P>
    </InstanceData>
  </Block>
  <Block BlockType="Reference" Name="Simulink-PS&#xA;Converter4" SID="61">
    <P Name="Ports">[1, 0, 0, 0, 0, 0, 1]</P>
    <P Name="Position">[1645, 204, 1705, 236]</P>
    <P Name="ZOrder">31</P>
    <P Name="LibraryVersion">6.0</P>
    <P Name="SourceBlock">nesl_utility/Simulink-PS
Converter</P>
    <P Name="SourceType">Simulink-PS
Converter</P>
    <P Name="SourceProductBaseCode">SS,PW,VE</P>
    <InstanceData>
      <P Name="RTWMemSecFuncInitTerm">Inherit from model</P>
      <P Name="RTWMemSecFuncExecute">Inherit from model</P>
      <P Name="RTWMemSecDataConstants">Inherit from model</P>
      <P Name="RTWMemSecDataInternal">Inherit from model</P>
      <P Name="RTWMemSecDataParameters">Inherit from model</P>
      <P Name="ContentPreviewEnabled">on</P>
      <P Name="PhysicalDomain">network_engine_domain</P>
      <P Name="SubClassName">ps_input</P>
      <P Name="LeftPortType">input</P>
      <P Name="RightPortType">output</P>
      <P Name="PseudoPeriodic">off</P>
      <P Name="Frequencies">[]</P>
      <P Name="NoiseDistribution">none</P>
      <P Name="NoiseParameters">[]</P>
      <P Name="Unit">rad</P>
      <P Name="AffineConversion">off</P>
      <P Name="FilteringAndDerivatives">filter</P>
      <P Name="SimscapeFilterOrder">2</P>
      <P Name="InputFilterTimeConstant">0.001</P>
      <P Name="UdotUserProvided">0</P>
    </InstanceData>
  </Block>
  <Block BlockType="Reference" Name="Simulink-PS&#xA;Converter5" SID="63">
    <P Name="Ports">[1, 0, 0, 0, 0, 0, 1]</P>
    <P Name="Position">[2025, 204, 2085, 236]</P>
    <P Name="ZOrder">33</P>
    <P Name="LibraryVersion">6.0</P>
    <P Name="SourceBlock">nesl_utility/Simulink-PS
Converter</P>
    <P Name="SourceType">Simulink-PS
Converter</P>
    <P Name="SourceProductBaseCode">SS,PW,VE</P>
    <InstanceData>
      <P Name="RTWMemSecFuncInitTerm">Inherit from model</P>
      <P Name="RTWMemSecFuncExecute">Inherit from model</P>
      <P Name="RTWMemSecDataConstants">Inherit from model</P>
      <P Name="RTWMemSecDataInternal">Inherit from model</P>
      <P Name="RTWMemSecDataParameters">Inherit from model</P>
      <P Name="ContentPreviewEnabled">on</P>
      <P Name="PhysicalDomain">network_engine_domain</P>
      <P Name="SubClassName">ps_input</P>
      <P Name="LeftPortType">input</P>
      <P Name="RightPortType">output</P>
      <P Name="PseudoPeriodic">off</P>
      <P Name="Frequencies">[]</P>
      <P Name="NoiseDistribution">none</P>
      <P Name="NoiseParameters">[]</P>
      <P Name="Unit">rad</P>
      <P Name="AffineConversion">off</P>
      <P Name="FilteringAndDerivatives">filter</P>
      <P Name="SimscapeFilterOrder">2</P>
      <P Name="InputFilterTimeConstant">0.001</P>
      <P Name="UdotUserProvided">0</P>
    </InstanceData>
  </Block>
  <Block BlockType="Reference" Name="Solver&#xA;Configuration" SID="48">
    <P Name="Ports">[0, 0, 0, 0, 0, 0, 1]</P>
    <P Name="Position">[20, 190, 60, 230]</P>
    <P Name="ZOrder">21</P>
    <P Name="ShowName">off</P>
    <P Name="LibraryVersion">6.0</P>
    <P Name="SourceBlock">nesl_utility/Solver
Configuration</P>
    <P Name="SourceType">Solver
Configuration</P>
    <P Name="SourceProductBaseCode">SS,PW,VE</P>
    <InstanceData>
      <P Name="RTWMemSecFuncInitTerm">Inherit from model</P>
      <P Name="RTWMemSecFuncExecute">Inherit from model</P>
      <P Name="RTWMemSecDataConstants">Inherit from model</P>
      <P Name="RTWMemSecDataInternal">Inherit from model</P>
      <P Name="RTWMemSecDataParameters">Inherit from model</P>
      <P Name="ContentPreviewEnabled">on</P>
      <P Name="PhysicalDomain">network_engine_domain</P>
      <P Name="SubClassName">solver</P>
      <P Name="LeftPortType">input</P>
      <P Name="RightPortType">generic</P>
      <P Name="Tones">[]</P>
      <P Name="Harmonics">[]</P>
      <P Name="SimulateNoise">off</P>
      <P Name="Profile">off</P>
      <P Name="UseLocalSampling">off</P>
      <P Name="EnableSwitchedLinearOptims">on</P>
      <P Name="FrequencyDomain">off</P>
      <P Name="UseCCode">off</P>
      <P Name="RelTol">0.001</P>
      <P Name="AbsTol">0.001</P>
      <P Name="MinStep">1e-09</P>
      <P Name="ToWorkspace">off</P>
      <P Name="RevertToSquareIcSolve">off</P>
      <P Name="NumHomotopyIterations">100</P>
      <P Name="PhasorMode">off</P>
      <P Name="PhasorModeNumHarmonics">1</P>
      <P Name="IndexReductionMethod">DerivativeReplacement</P>
      <P Name="DoDC">off</P>
      <P Name="ResidualTolerance">1e-09</P>
      <P Name="UseLocalSolver">off</P>
      <P Name="LocalSolverChoice">NE_BACKWARD_EULER_ADVANCER</P>
      <P Name="LocalSolverSampleTime">0.001</P>
      <P Name="DoFixedCost">off</P>
      <P Name="MaxNonlinIter">3</P>
      <P Name="MaxModeIter">2</P>
      <P Name="ComputeImpulses">off</P>
      <P Name="ImpulseIterations">2</P>
      <P Name="LinearAlgebra">auto</P>
      <P Name="LinearAlgebraNumThread">0</P>
      <P Name="EquationFormulation">NE_TIME_EF</P>
      <P Name="DelaysMemoryBudget">1024</P>
      <P Name="AutomaticFiltering">on</P>
      <P Name="FilteringTimeConstant">0.001</P>
      <P Name="PartitionStorageMethod">AS_NEEDED</P>
      <P Name="PartitionMemoryBudget">1024</P>
      <P Name="PartitionMethod">ROBUST</P>
    </InstanceData>
  </Block>
  <Block BlockType="SubSystem" Name="Tip_1_RIGID" SID="12">
    <P Name="Ports">[0, 0, 0, 0, 0, 1]</P>
    <P Name="Position">[2315, 80, 2355, 120]</P>
    <P Name="ZOrder">18</P>
    <P Name="RequestExecContextInheritance">off</P>
    <P Name="ContentPreviewEnabled">on</P>
    <Mask>
      <Display/>
    </Mask>
    <System Ref="system_12"/>
  </Block>
  <Block BlockType="Reference" Name="Transform" SID="13">
    <P Name="Ports">[0, 0, 0, 0, 0, 1, 1]</P>
    <P Name="Position">[120, 70, 160, 110]</P>
    <P Name="ZOrder">19</P>
    <P Name="LibraryVersion">7.51</P>
    <P Name="SourceBlock">sm_lib/Frames and
Transforms/Rigid
Transform</P>
    <P Name="SourceType">Rigid
Transform</P>
    <P Name="SourceProductBaseCode">MS</P>
    <InstanceData>
      <P Name="LogSimulationData">off</P>
      <P Name="TranslationMethod">Cartesian</P>
      <P Name="TranslationStandardOffset">0</P>
      <P Name="TranslationLengthUnit">in</P>
      <P Name="TranslationStandardOffset_conf">compiletime</P>
      <P Name="TranslationStandardAxis">+Z</P>
      <P Name="TranslationCartesianOffset">smiData.RigidTransform(11).translation</P>
      <P Name="TranslationCartesianOffset_conf">compiletime</P>
      <P Name="TranslationROffset">0</P>
      <P Name="TranslationROffsetUnits">m</P>
      <P Name="TranslationROffset_conf">compiletime</P>
      <P Name="TranslationZOffset">0</P>
      <P Name="TranslationZOffsetUnits">m</P>
      <P Name="TranslationZOffset_conf">compiletime</P>
      <P Name="TranslationThetaOffset">0</P>
      <P Name="TranslationThetaOffsetUnits">deg</P>
      <P Name="TranslationThetaOffset_conf">compiletime</P>
      <P Name="RotationMethod">ArbitraryAxis</P>
      <P Name="RotationAngleUnits">rad</P>
      <P Name="RotationStandardAxis">+Z</P>
      <P Name="RotationAngle">smiData.RigidTransform(11).angle</P>
      <P Name="RotationAngle_conf">compiletime</P>
      <P Name="RotationArbitraryAxis">smiData.RigidTransform(11).axis</P>
      <P Name="RotationArbitraryAxis_conf">compiletime</P>
      <P Name="FollAlignAxisA">+X</P>
      <P Name="BaseAlignAxisA">+Y</P>
      <P Name="FollAlignAxisB">+Y</P>
      <P Name="BaseAlignAxisB">+Z</P>
      <P Name="RotationSequenceAxes">FollowerAxes</P>
      <P Name="RotationSequence">XYX</P>
      <P Name="RotationSequenceAngles">[0 0 0]</P>
      <P Name="RotationSequenceAnglesUnits">deg</P>
      <P Name="RotationSequenceAngles_conf">compiletime</P>
      <P Name="RotationMatrix">[1 0 0; 0 1 0; 0 0 1]</P>
      <P Name="RotationMatrix_conf">compiletime</P>
    </InstanceData>
  </Block>
  <Block BlockType="Reference" Name="World" SID="14">
    <P Name="Ports">[0, 0, 0, 0, 0, 0, 1]</P>
    <P Name="Position">[20, 20, 60, 60]</P>
    <P Name="ZOrder">20</P>
    <P Name="LibraryVersion">7.51</P>
    <P Name="SourceBlock">sm_lib/Frames and
Transforms/World Frame</P>
    <P Name="SourceType">World Frame</P>
    <P Name="SourceProductBaseCode">MS</P>
    <InstanceData>
      <P Name="LogSimulationData">off</P>
    </InstanceData>
  </Block>
  <Block BlockType="Outport" Name="output" SID="70">
    <P Name="Position">[745, 203, 775, 217]</P>
    <P Name="ZOrder">40</P>
  </Block>
  <Block BlockType="Outport" Name="output1" SID="71">
    <P Name="Position">[1115, 203, 1145, 217]</P>
    <P Name="ZOrder">41</P>
    <P Name="Port">2</P>
  </Block>
  <Block BlockType="Outport" Name="output2" SID="72">
    <P Name="Position">[1515, 203, 1545, 217]</P>
    <P Name="ZOrder">42</P>
    <P Name="Port">3</P>
  </Block>
  <Block BlockType="Outport" Name="output3" SID="73">
    <P Name="Position">[1905, 213, 1935, 227]</P>
    <P Name="ZOrder">43</P>
    <P Name="Port">4</P>
  </Block>
  <Block BlockType="Outport" Name="output4" SID="74">
    <P Name="Position">[2310, 213, 2340, 227]</P>
    <P Name="ZOrder">44</P>
    <P Name="Port">5</P>
  </Block>
  <Block BlockType="Outport" Name="output5" SID="122">
    <P Name="Position">[755, 298, 785, 312]</P>
    <P Name="ZOrder">47</P>
    <P Name="Port">6</P>
  </Block>
  <Block BlockType="Outport" Name="output6" SID="125">
    <P Name="Position">[1155, 298, 1185, 312]</P>
    <P Name="ZOrder">49</P>
    <P Name="Port">7</P>
  </Block>
  <Block BlockType="Outport" Name="output7" SID="127">
    <P Name="Position">[1550, 298, 1580, 312]</P>
    <P Name="ZOrder">51</P>
    <P Name="Port">8</P>
  </Block>
  <Block BlockType="Outport" Name="output8" SID="129">
    <P Name="Position">[1940, 308, 1970, 322]</P>
    <P Name="ZOrder">53</P>
    <P Name="Port">9</P>
  </Block>
  <Block BlockType="Outport" Name="output9" SID="131">
    <P Name="Position">[2340, 308, 2370, 322]</P>
    <P Name="ZOrder">55</P>
    <P Name="Port">10</P>
  </Block>
  <Line>
    <P Name="ZOrder">51</P>
    <P Name="Src">65#out:1</P>
    <P Name="Dst">59#in:1</P>
  </Line>
  <Line LineType="Connection">
    <P Name="ZOrder">7</P>
    <P Name="Src">3#lconn:1</P>
    <P Name="Points">[-62, 0; 0, -15]</P>
    <P Name="Dst">7#rconn:1</P>
  </Line>
  <Line LineType="Connection">
    <P Name="ZOrder">4</P>
    <P Name="Src">2#rconn:1</P>
    <P Name="Points">[15, 0; 0, -10]</P>
    <P Name="Dst">7#lconn:1</P>
  </Line>
  <Line LineType="Connection">
    <P Name="ZOrder">1</P>
    <P Name="Points">[85, 140; 5, 0; 0, -50; 15, 0]</P>
    <P Name="Dst">13#lconn:1</P>
    <Branch ConnectType="SRC_DEST">
      <P Name="Src">6#rconn:1</P>
      <P Name="Points">[10, 0]</P>
    </Branch>
    <Branch ConnectType="SRC_SRC">
      <P Name="Points">[0, 70]</P>
      <P Name="Dst">48#rconn:1</P>
    </Branch>
    <Branch ConnectType="SRC_SRC">
      <P Name="Points">[0, -100]</P>
      <P Name="Dst">14#rconn:1</P>
    </Branch>
  </Line>
  <Line LineType="Connection">
    <P Name="ZOrder">14</P>
    <P Name="Src">5#rconn:1</P>
    <P Name="Points">[95, 0; 0, -10]</P>
    <P Name="Dst">11#lconn:1</P>
  </Line>
  <Line LineType="Connection">
    <P Name="ZOrder">5</P>
    <P Name="Src">11#rconn:1</P>
    <P Name="Points">[55, 0; 0, 15]</P>
    <P Name="Dst">12#lconn:1</P>
  </Line>
  <Line LineType="Connection">
    <P Name="ZOrder">24</P>
    <P Name="Src">7#rconn:2</P>
    <P Name="Points">[10, 0; 0, 120]</P>
    <P Name="Dst">54#lconn:1</P>
  </Line>
  <Line LineType="Connection">
    <P Name="ZOrder">10</P>
    <P Name="Src">3#rconn:1</P>
    <P Name="Points">[18, 0; 0, -10]</P>
    <P Name="Dst">9#lconn:1</P>
  </Line>
  <Line LineType="Connection">
    <P Name="ZOrder">8</P>
    <P Name="Src">1#rconn:1</P>
    <P Name="Points">[64, 0; 0, -10]</P>
    <P Name="Dst">8#lconn:1</P>
  </Line>
  <Line LineType="Connection">
    <P Name="ZOrder">9</P>
    <P Name="Src">2#lconn:1</P>
    <P Name="Points">[-103, 0; 0, -15]</P>
    <P Name="Dst">8#rconn:1</P>
  </Line>
  <Line LineType="Connection">
    <P Name="ZOrder">28</P>
    <P Name="Src">57#rconn:1</P>
    <P Name="Points">[5, 0; 0, -110]</P>
    <P Name="Dst">9#lconn:2</P>
  </Line>
  <Line LineType="Connection">
    <P Name="ZOrder">12</P>
    <P Name="Src">4#rconn:1</P>
    <P Name="Points">[61, 0; 0, -10]</P>
    <P Name="Dst">10#lconn:1</P>
  </Line>
  <Line LineType="Connection">
    <P Name="ZOrder">11</P>
    <P Name="Src">4#lconn:1</P>
    <P Name="Points">[-124, 0; 0, -25]</P>
    <P Name="Dst">9#rconn:1</P>
  </Line>
  <Line LineType="Connection">
    <P Name="ZOrder">31</P>
    <P Name="Src">59#rconn:1</P>
    <P Name="Points">[16, 0; 0, -110]</P>
    <P Name="Dst">8#lconn:2</P>
  </Line>
  <Line LineType="Connection">
    <P Name="ZOrder">40</P>
    <P Name="Src">63#rconn:1</P>
    <P Name="Points">[10, 0; 0, -110]</P>
    <P Name="Dst">11#lconn:2</P>
  </Line>
  <Line LineType="Connection">
    <P Name="ZOrder">37</P>
    <P Name="Src">10#lconn:2</P>
    <P Name="Points">[-5, 0; 0, 110]</P>
    <P Name="Dst">61#rconn:1</P>
  </Line>
  <Line>
    <P Name="ZOrder">60</P>
    <P Name="Src">62#out:1</P>
    <P Name="Dst">74#in:1</P>
  </Line>
  <Line LineType="Connection">
    <P Name="ZOrder">21</P>
    <P Name="Src">8#rconn:2</P>
    <P Name="Points">[6, 0; 0, 120]</P>
    <P Name="Dst">53#lconn:1</P>
  </Line>
  <Line LineType="Connection">
    <P Name="ZOrder">29</P>
    <P Name="Src">56#lconn:1</P>
    <P Name="Points">[-29, 0; 0, -120]</P>
    <P Name="Dst">9#rconn:2</P>
  </Line>
  <Line LineType="Connection">
    <P Name="ZOrder">6</P>
    <P Name="Src">1#lconn:1</P>
    <P Name="Dst">13#rconn:1</P>
  </Line>
  <Line LineType="Connection">
    <P Name="ZOrder">36</P>
    <P Name="Src">60#lconn:1</P>
    <P Name="Points">[-5, 0; 0, -120]</P>
    <P Name="Dst">10#rconn:2</P>
  </Line>
  <Line LineType="Connection">
    <P Name="ZOrder">13</P>
    <P Name="Src">5#lconn:1</P>
    <P Name="Points">[-60, 0; 0, -15]</P>
    <P Name="Dst">10#rconn:1</P>
  </Line>
  <Line LineType="Connection">
    <P Name="ZOrder">39</P>
    <P Name="Src">62#lconn:1</P>
    <P Name="Points">[-12, 0; 0, -120]</P>
    <P Name="Dst">11#rconn:2</P>
  </Line>
  <Line LineType="Connection">
    <P Name="ZOrder">30</P>
    <P Name="Src">58#rconn:1</P>
    <P Name="Dst">7#lconn:2</P>
  </Line>
  <Line>
    <P Name="ZOrder">52</P>
    <P Name="Src">66#out:1</P>
    <P Name="Dst">58#in:1</P>
  </Line>
  <Line>
    <P Name="ZOrder">58</P>
    <P Name="Src">56#out:1</P>
    <P Name="Dst">72#in:1</P>
  </Line>
  <Line>
    <P Name="ZOrder">53</P>
    <P Name="Src">67#out:1</P>
    <P Name="Dst">57#in:1</P>
  </Line>
  <Line>
    <P Name="ZOrder">54</P>
    <P Name="Src">68#out:1</P>
    <P Name="Dst">61#in:1</P>
  </Line>
  <Line>
    <P Name="ZOrder">59</P>
    <P Name="Src">60#out:1</P>
    <P Name="Dst">73#in:1</P>
  </Line>
  <Line>
    <P Name="ZOrder">56</P>
    <P Name="Src">53#out:1</P>
    <P Name="Dst">70#in:1</P>
  </Line>
  <Line>
    <P Name="ZOrder">57</P>
    <P Name="Src">54#out:1</P>
    <P Name="Dst">71#in:1</P>
  </Line>
  <Line>
    <P Name="ZOrder">55</P>
    <P Name="Src">69#out:1</P>
    <P Name="Dst">63#in:1</P>
  </Line>
  <Line LineType="Connection">
    <P Name="ZOrder">90</P>
    <P Name="Src">8#rconn:3</P>
    <P Name="Points">[31, 0; 0, 200]</P>
    <P Name="Dst">123#lconn:1</P>
  </Line>
  <Line>
    <P Name="ZOrder">89</P>
    <P Name="Src">123#out:1</P>
    <P Name="Dst">122#in:1</P>
  </Line>
  <Line LineType="Connection">
    <P Name="ZOrder">93</P>
    <P Name="Src">124#lconn:1</P>
    <P Name="Points">[-27, 0; 0, -200]</P>
    <P Name="Dst">7#rconn:3</P>
  </Line>
  <Line>
    <P Name="ZOrder">92</P>
    <P Name="Src">124#out:1</P>
    <P Name="Dst">125#in:1</P>
  </Line>
  <Line LineType="Connection">
    <P Name="ZOrder">99</P>
    <P Name="Src">126#lconn:1</P>
    <P Name="Points">[-32, 0; 0, -200]</P>
    <P Name="Dst">9#rconn:3</P>
  </Line>
  <Line>
    <P Name="ZOrder">95</P>
    <P Name="Src">126#out:1</P>
    <P Name="Dst">127#in:1</P>
  </Line>
  <Line LineType="Connection">
    <P Name="ZOrder">98</P>
    <P Name="Src">10#rconn:3</P>
    <P Name="Points">[15, 0; 0, 200]</P>
    <P Name="Dst">128#lconn:1</P>
  </Line>
  <Line>
    <P Name="ZOrder">97</P>
    <P Name="Src">128#out:1</P>
    <P Name="Dst">129#in:1</P>
  </Line>
  <Line LineType="Connection">
    <P Name="ZOrder">102</P>
    <P Name="Src">130#lconn:1</P>
    <P Name="Points">[-18, 0; 0, -200]</P>
    <P Name="Dst">11#rconn:3</P>
  </Line>
  <Line>
    <P Name="ZOrder">101</P>
    <P Name="Src">130#out:1</P>
    <P Name="Dst">131#in:1</P>
  </Line>
</System>
