<?xml version="1.0" encoding="utf-8"?>
<System>
  <P Name="Location">[-8, -8, 1928, 1040]</P>
  <P Name="SystemRect">[0.000000, 0.000000, 0.000000, 0.000000]</P>
  <P Name="Open">on</P>
  <P Name="SetExecutionDomain">off</P>
  <P Name="ExecutionDomainType">Deduce</P>
  <P Name="ZoomFactor">60</P>
  <P Name="ReportName">simulink-default.rpt</P>
  <P Name="SIDHighWatermark">134</P>
  <P Name="SimulinkSubDomain">Simulink</P>
  <Block BlockType="Clock" Name="Clock" SID="95">
    <P Name="Position">[175, 145, 195, 165]</P>
    <P Name="ZOrder">395</P>
  </Block>
  <Block BlockType="Constant" Name="Constant" SID="93">
    <P Name="Position">[675, 140, 745, 170]</P>
    <P Name="ZOrder">393</P>
    <P Name="Value">[ 0 0 0 1 1 1]</P>
  </Block>
  <Block BlockType="Constant" Name="Constant1" SID="94">
    <P Name="Position">[675, 175, 745, 205]</P>
    <P Name="ZOrder">394</P>
    <P Name="Value">[0 0 0 0 0]</P>
  </Block>
  <Block BlockType="Reference" Name="Coordinate Transformation Conversion" SID="90">
    <P Name="Ports">[1, 1]</P>
    <P Name="Position">[445, 90, 595, 150]</P>
    <P Name="ZOrder">390</P>
    <P Name="HideAutomaticName">off</P>
    <P Name="LibraryVersion">6.0</P>
    <P Name="SourceBlock">robotcorelib/Coordinate Transformation Conversion</P>
    <P Name="SourceType">robotics.slcore.internal.block.CoordinateTransformationConversion</P>
    <P Name="SourceProductBaseCode">RO,NV,RR,UV</P>
    <InstanceData>
      <P Name="InputRepresentation">Translation Vector</P>
      <P Name="InputEulerSequence">ZYX</P>
      <P Name="ShowTrVecInputPort">on</P>
      <P Name="OutputRepresentation">Homogeneous Transformation</P>
      <P Name="OutputEulerSequence">ZYX</P>
      <P Name="ShowTrVecOutputPort">on</P>
      <P Name="SimulateUsing">Interpreted execution</P>
    </InstanceData>
  </Block>
  <Block BlockType="Demux" Name="Demux" SID="75">
    <P Name="Ports">[1, 5]</P>
    <P Name="Position">[1040, 108, 1045, 202]</P>
    <P Name="ZOrder">36</P>
    <P Name="Outputs">5</P>
  </Block>
  <Block BlockType="Display" Name="Display" SID="84">
    <P Name="Ports">[1]</P>
    <P Name="Position">[1570, 80, 1880, 230]</P>
    <P Name="ZOrder">384</P>
    <P Name="Decimation">1</P>
  </Block>
  <Block BlockType="Display" Name="Display1" SID="133">
    <P Name="Ports">[1]</P>
    <P Name="Position">[1695, 377, 1825, 523]</P>
    <P Name="ZOrder">406</P>
    <P Name="Decimation">1</P>
  </Block>
  <Block BlockType="Display" Name="Display2" SID="134">
    <P Name="Ports">[1]</P>
    <P Name="Position">[1710, 567, 1805, 633]</P>
    <P Name="ZOrder">407</P>
    <P Name="Decimation">1</P>
  </Block>
  <Block BlockType="Reference" Name="Get Jacobian" SID="118">
    <P Name="Ports">[1, 1]</P>
    <P Name="Position">[1340, 330, 1490, 430]</P>
    <P Name="ZOrder">403</P>
    <P Name="LibraryVersion">5.0</P>
    <P Name="SourceBlock">robotmaniplib/Get Jacobian</P>
    <P Name="SourceType">Get Jacobian</P>
    <P Name="SourceProductBaseCode">RO</P>
    <InstanceData>
      <P Name="RTWMemSecFuncInitTerm">Inherit from model</P>
      <P Name="RTWMemSecFuncExecute">Inherit from model</P>
      <P Name="RTWMemSecDataConstants">Inherit from model</P>
      <P Name="RTWMemSecDataInternal">Inherit from model</P>
      <P Name="RTWMemSecDataParameters">Inherit from model</P>
      <P Name="ContentPreviewEnabled">on</P>
      <P Name="RigidBodyTree">tree</P>
      <P Name="EndEffector">Body5</P>
      <P Name="SimulateUsing">Interpreted execution</P>
    </InstanceData>
  </Block>
  <Block BlockType="Reference" Name="Get Transform" SID="78">
    <P Name="Ports">[1, 1]</P>
    <P Name="Position">[1355, 105, 1505, 205]</P>
    <P Name="ZOrder">89</P>
    <P Name="LibraryVersion">5.0</P>
    <P Name="SourceBlock">robotmaniplib/Get Transform</P>
    <P Name="SourceType">Get Transform</P>
    <P Name="SourceProductBaseCode">RO</P>
    <InstanceData>
      <P Name="RTWMemSecFuncInitTerm">Inherit from model</P>
      <P Name="RTWMemSecFuncExecute">Inherit from model</P>
      <P Name="RTWMemSecDataConstants">Inherit from model</P>
      <P Name="RTWMemSecDataInternal">Inherit from model</P>
      <P Name="RTWMemSecDataParameters">Inherit from model</P>
      <P Name="ContentPreviewEnabled">on</P>
      <P Name="RigidBodyTree">tree</P>
      <P Name="SourceBody">Body5</P>
      <P Name="TargetBody">Base</P>
      <P Name="SimulateUsing">Interpreted execution</P>
    </InstanceData>
  </Block>
  <Block BlockType="Reference" Name="Inverse Kinematics" SID="92">
    <P Name="Ports">[3, 2]</P>
    <P Name="Position">[785, 105, 935, 205]</P>
    <P Name="ZOrder">392</P>
    <P Name="LibraryVersion">5.0</P>
    <P Name="SourceBlock">robotmaniplib/Inverse Kinematics</P>
    <P Name="SourceType">Inverse Kinematics</P>
    <P Name="SourceProductBaseCode">RO</P>
    <InstanceData>
      <P Name="RTWMemSecFuncInitTerm">Inherit from model</P>
      <P Name="RTWMemSecFuncExecute">Inherit from model</P>
      <P Name="RTWMemSecDataConstants">Inherit from model</P>
      <P Name="RTWMemSecDataInternal">Inherit from model</P>
      <P Name="RTWMemSecDataParameters">Inherit from model</P>
      <P Name="ContentPreviewEnabled">on</P>
      <P Name="RigidBodyTree">tree</P>
      <P Name="EndEffector">Body5</P>
      <P Name="ShowInfo">on</P>
      <P Name="SolverName">Levenberg-Marquardt</P>
      <P Name="EnforceJointLimits">on</P>
      <P Name="MaxIterations">15000</P>
      <P Name="MaxTime">10</P>
      <P Name="GradientTolerance">1e-3</P>
      <P Name="SolutionTolerance">1e-3</P>
      <P Name="StepTolerance">1e-14</P>
      <P Name="ErrorChangeTolerance">1e-3</P>
      <P Name="UseErrorDamping">on</P>
      <P Name="DampingBias">0.0025</P>
      <P Name="SimulateUsing">Interpreted execution</P>
    </InstanceData>
  </Block>
  <Block BlockType="Product" Name="Matrix Multiply" SID="119">
    <P Name="Ports">[2, 1]</P>
    <P Name="Position">[1570, 372, 1615, 408]</P>
    <P Name="ZOrder">404</P>
    <P Name="Multiplication">Matrix(*)</P>
  </Block>
  <Block BlockType="Mux" Name="Mux" SID="77">
    <P Name="Ports">[5, 1]</P>
    <P Name="Position">[1270, 108, 1275, 202]</P>
    <P Name="ZOrder">38</P>
    <P Name="Inputs">5</P>
    <P Name="DisplayOption">bar</P>
  </Block>
  <Block BlockType="Mux" Name="Mux1" SID="132">
    <P Name="Ports">[5, 1]</P>
    <P Name="Position">[1270, 213, 1275, 307]</P>
    <P Name="ZOrder">405</P>
    <P Name="Inputs">5</P>
    <P Name="DisplayOption">bar</P>
  </Block>
  <Block BlockType="Reference" Name="Polynomial Trajectory" SID="91">
    <P Name="Ports">[1, 3]</P>
    <P Name="Position">[245, 105, 395, 205]</P>
    <P Name="ZOrder">391</P>
    <P Name="HideAutomaticName">off</P>
    <P Name="LibraryVersion">6.0</P>
    <P Name="SourceBlock">robotcorelib/Polynomial Trajectory</P>
    <P Name="SourceType">robotics.slcore.internal.block.PolyTrajSys</P>
    <P Name="SourceProductBaseCode">RO,NV,RR,UV</P>
    <InstanceData>
      <P Name="WaypointSource">Internal</P>
      <P Name="Waypoints">[ 0, -0.3 , 0.3 , 0, 0.3 ,-0.3 , 0; 1.35, 1.35, 1.35, 1.35, 1.35, 1.35, 1.35; 0.5, 0.2 , 0.8 , 0.5, 0.2 , 0.8 , 0.5 ]</P>
      <P Name="TimePoints">[ 0, 1, 2, 3, 4, 5, 6 ]</P>
      <P Name="TimeInterval">[ 1, 4 ]</P>
      <P Name="Method">Cubic Polynomial</P>
      <P Name="ParameterSource">Internal</P>
      <P Name="VelocityBoundaryCondition">[ 0.1, 0.1, 0.2, 0.1, 0.1, 0.2, 0.1; 0, 0, 0, 0, 0, 0, 0; 0.1, 0.1, 0.2, 0.1, 0.1, 0.2, 0.1]</P>
      <P Name="AccelerationBoundaryCondition">zeros( 2, 5 )</P>
      <P Name="SimulateUsing">Interpreted execution</P>
    </InstanceData>
  </Block>
  <Block BlockType="Scope" Name="Scope" SID="99">
    <P Name="Ports">[1]</P>
    <P Name="Position">[785, 9, 815, 41]</P>
    <P Name="ZOrder">399</P>
    <P Name="ScopeSpecificationString">Simulink.scopes.TimeScopeBlockCfg(&apos;CurrentConfiguration&apos;, extmgr.ConfigurationSet(extmgr.Configuration(&apos;Core&apos;,&apos;General UI&apos;,true),extmgr.Configuration(&apos;Core&apos;,&apos;Source UI&apos;,true),extmgr.Configuration(&apos;Sources&apos;,&apos;WiredSimulink&apos;,true),extmgr.Configuration(&apos;Visuals&apos;,&apos;Time Domain&apos;,true,&apos;SerializedDisplays&apos;,{struct(&apos;MinYLimReal&apos;,&apos;-0.46754&apos;,&apos;MaxYLimReal&apos;,&apos;1.16306&apos;,&apos;YLabelReal&apos;,&apos;&apos;,&apos;MinYLimMag&apos;,&apos;0.00000&apos;,&apos;MaxYLimMag&apos;,&apos;1.16306&apos;,&apos;LegendVisibility&apos;,&apos;off&apos;,&apos;XGrid&apos;,true,&apos;YGrid&apos;,true,&apos;PlotMagPhase&apos;,false,&apos;AxesColor&apos;,[0 0 0],&apos;AxesTickColor&apos;,[0.686274509803922 0.686274509803922 0.686274509803922],&apos;ColorOrder&apos;,[1 1 0.0666666666666667;0.0745098039215686 0.623529411764706 1;1 0.411764705882353 0.16078431372549;0.392156862745098 0.831372549019608 0.0745098039215686;0.717647058823529 0.274509803921569 1;0.0588235294117647 1 1;1 0.0745098039215686 0.650980392156863],&apos;Title&apos;,&apos;%&lt;SignalLabel&gt;&apos;,&apos;LinePropertiesCache&apos;,{{}},&apos;UserDefinedChannelNames&apos;,{{}},&apos;NumLines&apos;,16,&apos;LineNames&apos;,{{&apos;Coordinate Transformation Conversion:1&apos;,&apos;Coordinate Transformation Conversion:2&apos;,&apos;Coordinate Transformation Conversion:3&apos;,&apos;Coordinate Transformation Conversion:4&apos;,&apos;Coordinate Transformation Conversion:5&apos;,&apos;Coordinate Transformation Conversion:6&apos;,&apos;Coordinate Transformation Conversion:7&apos;,&apos;Coordinate Transformation Conversion:8&apos;,&apos;Coordinate Transformation Conversion:9&apos;,&apos;Coordinate Transformation Conversion:10&apos;,&apos;Coordinate Transformation Conversion:11&apos;,&apos;Coordinate Transformation Conversion:12&apos;,&apos;Coordinate Transformation Conversion:13&apos;,&apos;Coordinate Transformation Conversion:14&apos;,&apos;Coordinate Transformation Conversion:15&apos;,&apos;Coordinate Transformation Conversion:16&apos;}},&apos;ShowContent&apos;,true,&apos;Placement&apos;,1)},&apos;DisplayPropertyDefaults&apos;,struct(&apos;MinYLimReal&apos;,&apos;-0.46754&apos;,&apos;MaxYLimReal&apos;,&apos;1.16306&apos;,&apos;YLabelReal&apos;,&apos;&apos;,&apos;MinYLimMag&apos;,&apos;0.00000&apos;,&apos;MaxYLimMag&apos;,&apos;1.16306&apos;,&apos;LegendVisibility&apos;,&apos;off&apos;,&apos;XGrid&apos;,true,&apos;YGrid&apos;,true,&apos;PlotMagPhase&apos;,false,&apos;AxesColor&apos;,[0 0 0],&apos;AxesTickColor&apos;,[0.686274509803922 0.686274509803922 0.686274509803922],&apos;ColorOrder&apos;,[0.0745098039215686 0.623529411764706 1;1 0.411764705882353 0.16078431372549;1 1 0.0666666666666667;0.717647058823529 0.274509803921569 1;0.392156862745098 0.831372549019608 0.0745098039215686;0.0588235294117647 1 1;1 0.0745098039215686 0.650980392156863])),extmgr.Configuration(&apos;Tools&apos;,&apos;Plot Navigation&apos;,true),extmgr.Configuration(&apos;Tools&apos;,&apos;Measurements&apos;,true,&apos;Version&apos;,&apos;2022a&apos;)),&apos;Version&apos;,&apos;2022a&apos;,&apos;Position&apos;,[1 49 1920 955])</P>
    <P Name="NumInputPorts">1</P>
    <P Name="Floating">off</P>
  </Block>
  <Block BlockType="Scope" Name="Scope1" SID="105">
    <P Name="Ports">[1]</P>
    <P Name="Position">[1365, 9, 1395, 41]</P>
    <P Name="ZOrder">402</P>
    <P Name="ScopeSpecificationString">Simulink.scopes.TimeScopeBlockCfg(&apos;CurrentConfiguration&apos;, extmgr.ConfigurationSet(extmgr.Configuration(&apos;Core&apos;,&apos;General UI&apos;,true),extmgr.Configuration(&apos;Core&apos;,&apos;Source UI&apos;,true),extmgr.Configuration(&apos;Sources&apos;,&apos;WiredSimulink&apos;,true,&apos;DataLoggingVariableName&apos;,&apos;ScopeData1&apos;),extmgr.Configuration(&apos;Visuals&apos;,&apos;Time Domain&apos;,true,&apos;SerializedDisplays&apos;,{struct(&apos;MinYLimReal&apos;,&apos;-0.1625&apos;,&apos;MaxYLimReal&apos;,&apos;1.4625&apos;,&apos;YLabelReal&apos;,&apos;&apos;,&apos;MinYLimMag&apos;,&apos;0.00000&apos;,&apos;MaxYLimMag&apos;,&apos;1.4625&apos;,&apos;LegendVisibility&apos;,&apos;off&apos;,&apos;XGrid&apos;,true,&apos;YGrid&apos;,true,&apos;PlotMagPhase&apos;,false,&apos;AxesColor&apos;,[0 0 0],&apos;AxesTickColor&apos;,[0.686274509803922 0.686274509803922 0.686274509803922],&apos;ColorOrder&apos;,[1 1 0.0666666666666667;0.0745098039215686 0.623529411764706 1;1 0.411764705882353 0.16078431372549;0.392156862745098 0.831372549019608 0.0745098039215686;0.717647058823529 0.274509803921569 1;0.0588235294117647 1 1;1 0.0745098039215686 0.650980392156863],&apos;Title&apos;,&apos;%&lt;SignalLabel&gt;&apos;,&apos;LinePropertiesCache&apos;,{{}},&apos;UserDefinedChannelNames&apos;,{{}},&apos;NumLines&apos;,16,&apos;LineNames&apos;,{{&apos;Coordinate Transformation Conversion:1&apos;,&apos;Coordinate Transformation Conversion:2&apos;,&apos;Coordinate Transformation Conversion:3&apos;,&apos;Coordinate Transformation Conversion:4&apos;,&apos;Coordinate Transformation Conversion:5&apos;,&apos;Coordinate Transformation Conversion:6&apos;,&apos;Coordinate Transformation Conversion:7&apos;,&apos;Coordinate Transformation Conversion:8&apos;,&apos;Coordinate Transformation Conversion:9&apos;,&apos;Coordinate Transformation Conversion:10&apos;,&apos;Coordinate Transformation Conversion:11&apos;,&apos;Coordinate Transformation Conversion:12&apos;,&apos;Coordinate Transformation Conversion:13&apos;,&apos;Coordinate Transformation Conversion:14&apos;,&apos;Coordinate Transformation Conversion:15&apos;,&apos;Coordinate Transformation Conversion:16&apos;}},&apos;ShowContent&apos;,true,&apos;Placement&apos;,1)},&apos;DisplayPropertyDefaults&apos;,struct(&apos;MinYLimReal&apos;,&apos;-0.1625&apos;,&apos;MaxYLimReal&apos;,&apos;1.4625&apos;,&apos;YLabelReal&apos;,&apos;&apos;,&apos;MinYLimMag&apos;,&apos;0.00000&apos;,&apos;MaxYLimMag&apos;,&apos;1.4625&apos;,&apos;LegendVisibility&apos;,&apos;off&apos;,&apos;XGrid&apos;,true,&apos;YGrid&apos;,true,&apos;PlotMagPhase&apos;,false,&apos;AxesColor&apos;,[0 0 0],&apos;AxesTickColor&apos;,[0.686274509803922 0.686274509803922 0.686274509803922],&apos;ColorOrder&apos;,[0.0745098039215686 0.623529411764706 1;1 0.411764705882353 0.16078431372549;1 1 0.0666666666666667;0.717647058823529 0.274509803921569 1;0.392156862745098 0.831372549019608 0.0745098039215686;0.0588235294117647 1 1;1 0.0745098039215686 0.650980392156863])),extmgr.Configuration(&apos;Tools&apos;,&apos;Plot Navigation&apos;,true),extmgr.Configuration(&apos;Tools&apos;,&apos;Measurements&apos;,true,&apos;Version&apos;,&apos;2022a&apos;)),&apos;Version&apos;,&apos;2022a&apos;,&apos;Position&apos;,[1 49 1920 955])</P>
    <P Name="NumInputPorts">1</P>
    <P Name="Floating">off</P>
  </Block>
  <Block BlockType="SubSystem" Name="Subsystem" SID="64">
    <P Name="Ports">[5, 10]</P>
    <P Name="Position">[1120, 111, 1235, 309]</P>
    <P Name="ZOrder">35</P>
    <P Name="RequestExecContextInheritance">off</P>
    <P Name="ContentPreviewEnabled">on</P>
    <System Ref="system_64"/>
  </Block>
  <Block BlockType="Terminator" Name="Terminator" SID="96">
    <P Name="Position">[960, 170, 980, 190]</P>
    <P Name="ZOrder">396</P>
  </Block>
  <Block BlockType="Terminator" Name="Terminator1" SID="97">
    <P Name="Position">[410, 180, 430, 200]</P>
    <P Name="ZOrder">397</P>
  </Block>
  <Line>
    <P Name="ZOrder">51</P>
    <P Name="Src">75#out:1</P>
    <P Name="Points">[46, 0; 0, 15]</P>
    <P Name="Dst">64#in:1</P>
  </Line>
  <Line>
    <P Name="ZOrder">52</P>
    <P Name="Src">75#out:2</P>
    <P Name="Points">[37, 0; 0, 35]</P>
    <P Name="Dst">64#in:2</P>
  </Line>
  <Line>
    <P Name="ZOrder">53</P>
    <P Name="Src">75#out:3</P>
    <P Name="Points">[28, 0; 0, 55]</P>
    <P Name="Dst">64#in:3</P>
  </Line>
  <Line>
    <P Name="ZOrder">54</P>
    <P Name="Src">75#out:4</P>
    <P Name="Points">[18, 0; 0, 75]</P>
    <P Name="Dst">64#in:4</P>
  </Line>
  <Line>
    <P Name="ZOrder">55</P>
    <P Name="Src">75#out:5</P>
    <P Name="Points">[9, 0; 0, 95]</P>
    <P Name="Dst">64#in:5</P>
  </Line>
  <Line>
    <P Name="ZOrder">56</P>
    <P Name="Src">64#out:1</P>
    <P Name="Points">[5, 0; 0, -5]</P>
    <P Name="Dst">77#in:1</P>
  </Line>
  <Line>
    <P Name="ZOrder">57</P>
    <P Name="Src">64#out:2</P>
    <P Name="Points">[10, 0; 0, -5]</P>
    <P Name="Dst">77#in:2</P>
  </Line>
  <Line>
    <P Name="ZOrder">58</P>
    <P Name="Src">64#out:3</P>
    <P Name="Points">[5, 0; 0, -5]</P>
    <P Name="Dst">77#in:3</P>
  </Line>
  <Line>
    <P Name="ZOrder">59</P>
    <P Name="Src">64#out:4</P>
    <P Name="Points">[10, 0; 0, -5]</P>
    <P Name="Dst">77#in:4</P>
  </Line>
  <Line>
    <P Name="ZOrder">60</P>
    <P Name="Src">64#out:5</P>
    <P Name="Points">[13, 0; 0, -5]</P>
    <P Name="Dst">77#in:5</P>
  </Line>
  <Line>
    <P Name="ZOrder">61</P>
    <P Name="Src">77#out:1</P>
    <P Name="Points">[33, 0]</P>
    <Branch>
      <P Name="ZOrder">83</P>
      <P Name="Points">[0, -130]</P>
      <P Name="Dst">105#in:1</P>
    </Branch>
    <Branch>
      <P Name="ZOrder">82</P>
      <P Name="Dst">78#in:1</P>
    </Branch>
  </Line>
  <Line>
    <P Name="ZOrder">63</P>
    <P Name="Src">78#out:1</P>
    <P Name="Dst">84#in:1</P>
  </Line>
  <Line>
    <P Name="ZOrder">71</P>
    <P Name="Src">93#out:1</P>
    <P Name="Dst">92#in:2</P>
  </Line>
  <Line>
    <P Name="ZOrder">72</P>
    <P Name="Src">94#out:1</P>
    <P Name="Dst">92#in:3</P>
  </Line>
  <Line>
    <P Name="ZOrder">73</P>
    <P Name="Src">95#out:1</P>
    <P Name="Dst">91#in:1</P>
  </Line>
  <Line>
    <P Name="ZOrder">74</P>
    <P Name="Src">91#out:1</P>
    <P Name="Dst">90#in:1</P>
  </Line>
  <Line>
    <P Name="ZOrder">75</P>
    <P Name="Src">90#out:1</P>
    <P Name="Points">[40, 0]</P>
    <Branch>
      <P Name="ZOrder">81</P>
      <P Name="Points">[0, -95]</P>
      <P Name="Dst">99#in:1</P>
    </Branch>
    <Branch>
      <P Name="ZOrder">80</P>
      <P Name="Dst">92#in:1</P>
    </Branch>
  </Line>
  <Line>
    <P Name="ZOrder">76</P>
    <P Name="Src">92#out:1</P>
    <P Name="Points">[48, 0; 0, 25]</P>
    <Branch>
      <P Name="ZOrder">106</P>
      <P Name="Points">[0, 225]</P>
      <P Name="Dst">118#in:1</P>
    </Branch>
    <Branch>
      <P Name="ZOrder">105</P>
      <P Name="Dst">75#in:1</P>
    </Branch>
  </Line>
  <Line>
    <P Name="ZOrder">77</P>
    <P Name="Src">92#out:2</P>
    <P Name="Dst">96#in:1</P>
  </Line>
  <Line>
    <P Name="ZOrder">78</P>
    <P Name="Src">91#out:3</P>
    <P Name="Dst">97#in:1</P>
  </Line>
  <Line>
    <P Name="ZOrder">109</P>
    <P Name="Src">91#out:2</P>
    <P Name="Points">[0, 22; 122, 0; 0, 423]</P>
    <P Name="Dst">134#in:1</P>
  </Line>
  <Line>
    <P Name="ZOrder">97</P>
    <P Name="Src">64#out:6</P>
    <P Name="Dst">132#in:1</P>
  </Line>
  <Line>
    <P Name="ZOrder">98</P>
    <P Name="Src">64#out:7</P>
    <P Name="Dst">132#in:2</P>
  </Line>
  <Line>
    <P Name="ZOrder">99</P>
    <P Name="Src">64#out:8</P>
    <P Name="Dst">132#in:3</P>
  </Line>
  <Line>
    <P Name="ZOrder">100</P>
    <P Name="Src">64#out:9</P>
    <P Name="Dst">132#in:4</P>
  </Line>
  <Line>
    <P Name="ZOrder">101</P>
    <P Name="Src">64#out:10</P>
    <P Name="Dst">132#in:5</P>
  </Line>
  <Line>
    <P Name="ZOrder">102</P>
    <P Name="Src">132#out:1</P>
    <P Name="Points">[258, 0; 0, 140]</P>
    <P Name="Dst">119#in:2</P>
  </Line>
  <Line>
    <P Name="ZOrder">103</P>
    <P Name="Src">118#out:1</P>
    <P Name="Dst">119#in:1</P>
  </Line>
  <Line>
    <P Name="ZOrder">104</P>
    <P Name="Src">119#out:1</P>
    <P Name="Points">[35, 0; 0, 60]</P>
    <P Name="Dst">133#in:1</P>
  </Line>
</System>
